id,account_num,county,submitted,received
2,34146,Missing,2013-09-27 10:00:00.000000,
3,34145,Missing,2013-09-27 10:00:00.000000,
4,34144,Missing,2013-09-27 10:00:00.000000,
6,67823,Missing,2013-10-04 10:00:00.000000,
7,39289,Missing,2013-08-29 10:00:00.000000,
8,34186,Missing,2013-10-03 10:00:00.000000,
12,67824,Missing,2013-10-03 10:00:00.000000,
13,67826,Missing,2013-10-02 10:00:00.000000,
15,67825,Suffolk,2013-09-30 10:00:00.000000,
16,67830,Missing,2013-10-08 10:00:00.000000,
17,67827,Missing,2013-09-10 10:00:00.000000,
18,34171,Missing,2013-10-16 10:00:00.000000,
19,67841,Missing,2013-10-15 10:00:00.000000,
20,34148,Suffolk,2013-09-27 10:00:00.000000,
21,67815,Missing,2013-10-03 10:00:00.000000,
22,67817,Missing,2013-10-03 10:00:00.000000,
23,67818,Suffolk,2013-09-16 10:00:00.000000,
24,67816,Suffolk,2013-09-18 10:00:00.000000,
28,67819,Missing,2013-10-03 10:00:00.000000,
29,40433,Suffolk,2013-07-08 10:00:00.000000,
30,34192,Suffolk,2013-09-05 10:00:00.000000,
31,34159,Missing,2013-07-08 10:00:00.000000,
32,34161,Suffolk,2013-07-12 10:00:00.000000,
33,57931,Suffolk,2013-08-13 10:00:00.000000,
34,34191,Suffolk,2013-08-08 10:00:00.000000,
35,34163,Suffolk,2013-07-06 10:00:00.000000,
36,34164,Suffolk,2013-07-16 10:00:00.000000,
37,34169,Suffolk,2013-07-26 10:00:00.000000,
38,34176,Suffolk,2013-07-19 10:00:00.000000,
40,34177,Suffolk,2013-07-19 10:00:00.000000,
41,34179,Suffolk,2013-07-19 10:00:00.000000,
42,34180,Suffolk,2013-07-26 10:00:00.000000,
43,34157,Suffolk,2013-07-16 10:00:00.000000,
47,67820,Suffolk,2013-10-03 10:00:00.000000,
49,67829,Suffolk,2013-10-02 10:00:00.000000,
50,34208,Suffolk,2013-10-03 10:00:00.000000,
51,35766,Suffolk,2013-08-14 10:00:00.000000,
52,46584,Suffolk,2013-08-21 10:00:00.000000,
53,34160,Suffolk,2013-10-03 10:00:00.000000,
54,34203,Suffolk,2013-08-19 10:00:00.000000,
55,34206,Suffolk,2013-08-14 10:00:00.000000,
57,34200,Suffolk,2013-08-21 10:00:00.000000,
58,67831,Suffolk,2013-10-03 10:00:00.000000,
59,39566,Suffolk,2013-10-03 10:00:00.000000,
60,67834,Suffolk,2014-03-28 10:00:00.000000,2014-05-13 10:00:00.000000
62,68206,Kings,2013-10-02 10:00:00.000000,
65,68207,Richmond,2013-10-11 10:00:00.000000,
67,68209,Suffolk,2013-10-28 10:00:00.000000,
71,68213,Suffolk,2013-10-25 10:00:00.000000,
72,68539,Missing,2014-04-02 10:00:00.000000,
74,47917,Suffolk,2013-08-06 10:00:00.000000,2013-08-13 10:00:00.000000
75,68668,Suffolk,2014-03-12 10:00:00.000000,2014-03-22 10:00:00.000000
76,68666,Suffolk,2014-03-07 10:00:00.000000,2014-03-07 10:00:00.000000
77,68185,Missing,2014-04-02 10:00:00.000000,
79,68683,Suffolk,2014-03-24 10:00:00.000000,2014-04-09 10:00:00.000000
81,68670,Suffolk,2014-03-20 10:00:00.000000,2014-04-04 10:00:00.000000
82,68672,Suffolk,2014-03-20 10:00:00.000000,2014-04-04 10:00:00.000000
83,68681,Suffolk,2014-03-06 10:00:00.000000,2014-03-12 10:00:00.000000
86,68697,Suffolk,2014-03-06 10:00:00.000000,2014-03-12 10:00:00.000000
87,59184,Suffolk,2014-03-12 10:00:00.000000,2014-03-17 10:00:00.000000
88,68689,Missing,2014-05-01 10:00:00.000000,2014-05-01 10:00:00.000000
89,68691,Suffolk,2014-03-20 10:00:00.000000,2014-06-27 10:00:00.000000
90,68703,Suffolk,2014-03-25 10:00:00.000000,2014-05-28 10:00:00.000000
92,68693,Suffolk,2014-03-25 10:00:00.000000,2014-04-03 10:00:00.000000
93,68708,Suffolk,2014-03-25 10:00:00.000000,2014-03-26 10:00:00.000000
95,68705,Suffolk,2014-04-03 10:00:00.000000,2014-04-03 10:00:00.000000
96,68701,Suffolk,2014-04-01 10:00:00.000000,2014-05-01 10:00:00.000000
98,68707,Suffolk,2014-04-04 10:00:00.000000,2014-05-01 10:00:00.000000
99,68717,Suffolk,2014-04-04 10:00:00.000000,2014-04-09 10:00:00.000000
100,68723,Suffolk,2014-04-07 10:00:00.000000,2014-04-17 10:00:00.000000
102,68925,Suffolk,2014-04-09 10:00:00.000000,2014-04-23 10:00:00.000000
103,68735,Suffolk,2014-04-09 10:00:00.000000,2014-04-17 10:00:00.000000
104,68721,Suffolk,2014-04-22 10:00:00.000000,2014-05-15 10:00:00.000000
105,68743,Suffolk,2014-06-15 10:00:00.000000,2014-06-27 10:00:00.000000
106,68727,Suffolk,2014-04-22 10:00:00.000000,2014-04-28 10:00:00.000000
108,68722,Suffolk,2014-04-22 10:00:00.000000,2014-05-06 10:00:00.000000
109,68936,Suffolk,2014-04-22 10:00:00.000000,2014-06-02 10:00:00.000000
110,68724,Suffolk,2014-04-22 10:00:00.000000,2014-05-28 10:00:00.000000
111,68935,Suffolk,2014-04-30 10:00:00.000000,2014-05-28 10:00:00.000000
113,68947,Suffolk,2014-04-22 10:00:00.000000,2014-04-29 10:00:00.000000
114,43006,Suffolk,2014-04-29 10:00:00.000000,2014-05-08 10:00:00.000000
115,34155,Suffolk,2014-04-22 10:00:00.000000,2014-04-24 10:00:00.000000
116,68930,Suffolk,2014-04-30 10:00:00.000000,2014-05-28 10:00:00.000000
118,68957,Suffolk,2014-05-06 10:00:00.000000,2014-06-02 10:00:00.000000
119,68945,Suffolk,2014-05-06 10:00:00.000000,2014-05-15 10:00:00.000000
121,68946,Missing,2014-05-01 10:00:00.000000,2014-05-05 10:00:00.000000
122,68960,Suffolk,2014-05-24 10:00:00.000000,2014-06-18 10:00:00.000000
123,68963,Suffolk,2014-10-24 10:00:00.000000,2014-10-30 10:00:00.000000
124,68965,Suffolk,2014-05-22 10:00:00.000000,2014-06-27 10:00:00.000000
125,68967,Suffolk,2014-06-04 10:00:00.000000,2014-07-11 10:00:00.000000
126,68962,Suffolk,2014-05-13 10:00:00.000000,2014-06-12 10:00:00.000000
129,68971,Suffolk,2014-05-15 10:00:00.000000,2014-06-11 10:00:00.000000
131,68975,Suffolk,2014-05-15 10:00:00.000000,2014-05-16 10:00:00.000000
132,68949,Suffolk,2014-05-28 10:00:00.000000,2014-06-02 10:00:00.000000
133,68983,Suffolk,2014-08-08 10:00:00.000000,2014-08-20 10:00:00.000000
134,68978,Suffolk,2014-05-29 10:00:00.000000,2014-06-10 10:00:00.000000
135,68987,Suffolk,2014-05-28 10:00:00.000000,2014-06-11 10:00:00.000000
136,68988,Suffolk,2014-05-28 10:00:00.000000,2014-06-02 10:00:00.000000
137,68964,Missing,2014-05-29 10:00:00.000000,2014-07-01 10:00:00.000000
139,45091,Suffolk,2014-05-28 10:00:00.000000,2014-06-02 10:00:00.000000
140,68997,Suffolk,2014-06-02 10:00:00.000000,2014-06-27 10:00:00.000000
141,68986,Suffolk,2014-06-02 10:00:00.000000,2014-06-12 10:00:00.000000
144,68966,Suffolk,2014-06-04 10:00:00.000000,2014-06-10 10:00:00.000000
145,68998,Suffolk,2014-06-04 10:00:00.000000,2014-06-25 10:00:00.000000
146,68999,Suffolk,2014-06-10 10:00:00.000000,2014-07-09 10:00:00.000000
147,68994,Suffolk,2014-06-17 10:00:00.000000,2014-07-21 10:00:00.000000
148,69018,Suffolk,2014-06-06 10:00:00.000000,2014-06-18 10:00:00.000000
150,57872,Suffolk,2014-06-06 10:00:00.000000,2014-06-18 10:00:00.000000
151,69020,Suffolk,2014-06-06 10:00:00.000000,2014-06-18 10:00:00.000000
152,69007,Suffolk,2014-06-04 10:00:00.000000,2014-06-27 10:00:00.000000
153,69008,Suffolk,2014-06-02 10:00:00.000000,2014-06-18 10:00:00.000000
154,69019,Suffolk,2014-06-06 10:00:00.000000,2014-06-20 10:00:00.000000
155,61604,Suffolk,2014-06-10 10:00:00.000000,2014-06-18 10:00:00.000000
156,52453,Suffolk,2014-06-24 10:00:00.000000,2014-06-27 10:00:00.000000
158,69219,Suffolk,2014-06-30 10:00:00.000000,2014-07-09 10:00:00.000000
159,38365,Suffolk,2014-06-27 10:00:00.000000,2014-07-09 10:00:00.000000
160,69234,Suffolk,2014-06-30 10:00:00.000000,2014-07-09 10:00:00.000000
162,69266,Suffolk,2014-07-07 10:00:00.000000,2014-07-14 10:00:00.000000
164,69278,Missing,2014-07-11 10:00:00.000000,
166,69150,Suffolk,2014-07-17 10:00:00.000000,
167,69274,Missing,2014-07-02 10:00:00.000000,
168,69290,Missing,2014-07-29 10:00:00.000000,
169,69282,Suffolk,2014-07-09 10:00:00.000000,2014-07-16 10:00:00.000000
170,69229,Suffolk,2014-07-11 10:00:00.000000,2014-07-14 10:00:00.000000
171,69271,Missing,2014-07-10 10:00:00.000000,2014-07-18 10:00:00.000000
172,69284,Suffolk,2014-07-10 10:00:00.000000,2014-08-05 10:00:00.000000
173,69296,Missing,2014-07-11 10:00:00.000000,
174,69276,Missing,2014-08-07 10:00:00.000000,
176,70159,Missing,2014-07-11 10:00:00.000000,2014-08-12 10:00:00.000000
177,56106,Missing,2014-07-09 10:00:00.000000,2014-07-16 10:00:00.000000
178,70165,Suffolk,2014-07-11 10:00:00.000000,2014-08-05 10:00:00.000000
179,69272,Missing,2014-07-14 10:00:00.000000,2014-08-14 10:00:00.000000
180,70174,Suffolk,2014-07-11 10:00:00.000000,2014-07-17 10:00:00.000000
181,70121,Missing,2014-07-11 10:00:00.000000,2014-08-05 10:00:00.000000
182,69300,Suffolk,2014-07-09 10:00:00.000000,2014-07-16 10:00:00.000000
183,69297,Suffolk,2014-07-11 10:00:00.000000,2014-08-05 10:00:00.000000
184,70164,Suffolk,2014-07-11 10:00:00.000000,2014-08-05 10:00:00.000000
185,70171,Suffolk,2014-07-21 10:00:00.000000,2014-07-30 10:00:00.000000
186,70156,Missing,2014-07-15 10:00:00.000000,
187,70180,Suffolk,2014-07-11 10:00:00.000000,2014-08-26 10:00:00.000000
188,70162,Suffolk,2014-07-15 10:00:00.000000,2014-07-17 10:00:00.000000
189,70178,Suffolk,2014-07-11 10:00:00.000000,2014-07-14 10:00:00.000000
191,70181,Suffolk,2014-07-11 10:00:00.000000,2014-07-22 10:00:00.000000
192,69000,Suffolk,2014-07-16 10:00:00.000000,2014-08-05 10:00:00.000000
193,69289,Missing,2014-07-16 10:00:00.000000,
194,70179,Suffolk,2014-07-16 10:00:00.000000,2014-08-05 10:00:00.000000
195,70539,Suffolk,2014-07-23 10:00:00.000000,2014-07-24 10:00:00.000000
196,70473,Suffolk,2014-07-25 10:00:00.000000,2014-08-26 10:00:00.000000
197,70550,Suffolk,2014-07-23 10:00:00.000000,2014-07-24 10:00:00.000000
200,70543,Suffolk,2014-07-17 10:00:00.000000,2014-07-22 10:00:00.000000
201,69281,Suffolk,2014-07-22 10:00:00.000000,2014-07-22 10:00:00.000000
202,70716,Suffolk,2014-07-23 10:00:00.000000,2014-07-24 10:00:00.000000
203,70168,Missing,2014-08-08 10:00:00.000000,
204,70873,Suffolk,2014-11-13 10:00:00.000000,2014-11-24 10:00:00.000000
205,69277,Suffolk,2014-07-22 10:00:00.000000,2014-07-22 10:00:00.000000
208,69273,Suffolk,2014-07-23 10:00:00.000000,2014-07-24 10:00:00.000000
209,70887,Suffolk,2014-07-25 10:00:00.000000,2014-08-08 10:00:00.000000
210,70553,Suffolk,2014-08-05 10:00:00.000000,2014-08-08 10:00:00.000000
211,70894,Suffolk,2014-08-18 10:00:00.000000,2014-08-18 10:00:00.000000
212,70881,Suffolk,2014-08-07 10:00:00.000000,2014-08-07 10:00:00.000000
213,70187,Suffolk,2014-09-10 10:00:00.000000,2014-09-23 10:00:00.000000
214,70872,Suffolk,2014-08-22 10:00:00.000000,2014-09-09 10:00:00.000000
215,70552,Suffolk,2014-08-07 10:00:00.000000,2014-08-07 10:00:00.000000
216,70897,Suffolk,2014-07-31 10:00:00.000000,
218,70892,Suffolk,2014-07-29 10:00:00.000000,2014-09-04 10:00:00.000000
219,71003,Suffolk,2014-08-05 10:00:00.000000,2014-08-15 10:00:00.000000
220,70998,Suffolk,2014-08-01 10:00:00.000000,2014-08-26 10:00:00.000000
221,70889,Suffolk,2014-08-01 10:00:00.000000,2014-08-06 10:00:00.000000
222,71014,Suffolk,2014-07-31 10:00:00.000000,2014-08-26 10:00:00.000000
223,71015,Suffolk,2014-08-05 10:00:00.000000,2014-08-15 10:00:00.000000
225,70537,Missing,2014-09-04 10:00:00.000000,
226,70896,Suffolk,2014-08-14 10:00:00.000000,2014-08-22 10:00:00.000000
227,71018,Suffolk,2014-08-11 10:00:00.000000,2014-08-18 10:00:00.000000
228,70878,Suffolk,2014-08-11 10:00:00.000000,2014-08-11 10:00:00.000000
229,71022,Suffolk,2014-08-11 10:00:00.000000,2014-08-11 10:00:00.000000
230,71028,Suffolk,2014-08-06 10:00:00.000000,2014-09-04 10:00:00.000000
232,71024,Suffolk,2015-02-23 10:00:00.000000,2015-03-03 10:00:00.000000
233,71029,Suffolk,2014-08-11 10:00:00.000000,
235,71011,Suffolk,2014-09-24 10:00:00.000000,2014-11-12 10:00:00.000000
237,71013,Suffolk,2014-08-19 10:00:00.000000,2014-08-22 10:00:00.000000
238,71039,Suffolk,2014-08-05 10:00:00.000000,2014-08-15 10:00:00.000000
239,71027,Suffolk,2014-08-11 10:00:00.000000,2014-08-20 10:00:00.000000
240,71035,Suffolk,2014-08-06 10:00:00.000000,2014-08-12 10:00:00.000000
241,71040,Suffolk,2014-08-20 10:00:00.000000,2014-11-12 10:00:00.000000
242,71043,Suffolk,2014-09-15 10:00:00.000000,2014-09-15 10:00:00.000000
243,71033,Suffolk,2014-08-28 10:00:00.000000,2014-09-12 10:00:00.000000
244,71058,Suffolk,2014-11-24 10:00:00.000000,
246,71048,Suffolk,2014-08-11 10:00:00.000000,2014-08-11 10:00:00.000000
247,71076,Suffolk,2014-08-27 10:00:00.000000,2014-09-19 10:00:00.000000
248,71071,Suffolk,2014-08-15 10:00:00.000000,2014-08-21 10:00:00.000000
249,71063,Suffolk,2014-08-20 10:00:00.000000,2014-09-18 10:00:00.000000
250,71060,Suffolk,2014-09-03 10:00:00.000000,2014-09-03 10:00:00.000000
251,71002,Suffolk,2014-08-19 10:00:00.000000,2014-09-04 10:00:00.000000
254,71038,Suffolk,2014-09-18 10:00:00.000000,2014-10-06 10:00:00.000000
255,70547,Suffolk,2014-08-15 10:00:00.000000,2014-08-21 10:00:00.000000
256,71016,Suffolk,2014-08-28 10:00:00.000000,2014-09-09 10:00:00.000000
257,71080,Suffolk,2014-08-26 10:00:00.000000,2014-08-26 10:00:00.000000
258,71619,Suffolk,2014-08-21 10:00:00.000000,2014-08-28 10:00:00.000000
259,72342,Suffolk,2014-08-28 10:00:00.000000,2014-09-12 10:00:00.000000
260,70900,Suffolk,2014-08-26 10:00:00.000000,2014-08-26 10:00:00.000000
261,71012,Suffolk,2014-08-22 10:00:00.000000,2014-09-04 10:00:00.000000
262,71067,Suffolk,2014-08-22 10:00:00.000000,2014-09-19 10:00:00.000000
263,71036,Suffolk,2014-09-04 10:00:00.000000,2014-09-17 10:00:00.000000
264,72459,Suffolk,2014-08-27 10:00:00.000000,
265,71055,Suffolk,2014-08-21 10:00:00.000000,2014-08-28 10:00:00.000000
266,72358,Suffolk,2014-08-27 10:00:00.000000,2014-09-19 10:00:00.000000
268,72472,Suffolk,2014-08-22 10:00:00.000000,2014-08-27 10:00:00.000000
269,72468,Suffolk,2014-08-26 10:00:00.000000,2014-08-26 10:00:00.000000
270,72470,Suffolk,2014-08-22 10:00:00.000000,2014-09-03 10:00:00.000000
271,71004,Suffolk,2014-08-26 10:00:00.000000,2014-08-26 10:00:00.000000
275,72505,Suffolk,2014-09-03 10:00:00.000000,2014-09-03 10:00:00.000000
276,72309,Suffolk,2014-08-28 10:00:00.000000,2014-09-09 10:00:00.000000
277,72479,Suffolk,2014-09-03 10:00:00.000000,2014-09-03 10:00:00.000000
278,72514,Suffolk,2014-08-27 10:00:00.000000,2014-09-12 10:00:00.000000
279,72473,Suffolk,2014-08-28 10:00:00.000000,2014-09-03 10:00:00.000000
280,72532,Suffolk,2014-10-14 10:00:00.000000,
281,72525,Suffolk,2014-11-18 10:00:00.000000,2014-09-30 10:00:00.000000
282,72353,Nassau,2015-04-22 10:00:00.000000,2015-05-19 10:00:00.000000
283,72533,Suffolk,2014-09-30 10:00:00.000000,2014-10-10 10:00:00.000000
284,72310,Suffolk,2014-08-29 10:00:00.000000,2014-09-03 10:00:00.000000
285,71032,Suffolk,2014-08-29 10:00:00.000000,2014-09-17 10:00:00.000000
286,72511,Suffolk,2014-08-29 10:00:00.000000,2014-09-17 10:00:00.000000
287,69267,Suffolk,2014-08-28 10:00:00.000000,2014-09-03 10:00:00.000000
288,72355,Suffolk,2014-09-19 10:00:00.000000,2014-10-17 10:00:00.000000
289,72504,Suffolk,2014-09-05 10:00:00.000000,2014-09-05 10:00:00.000000
290,72354,Suffolk,2014-09-10 10:00:00.000000,2014-10-22 10:00:00.000000
291,71070,Suffolk,2014-09-10 10:00:00.000000,2014-10-20 10:00:00.000000
292,72579,Suffolk,2014-09-03 10:00:00.000000,2014-09-03 10:00:00.000000
293,72571,Suffolk,2014-09-24 10:00:00.000000,2014-10-27 10:00:00.000000
294,72491,Suffolk,2014-09-05 10:00:00.000000,2015-02-04 10:00:00.000000
295,72492,Suffolk,2014-09-05 10:00:00.000000,2014-09-29 10:00:00.000000
296,72570,Suffolk,2014-09-11 10:00:00.000000,2014-09-23 10:00:00.000000
297,72569,Suffolk,2014-09-05 10:00:00.000000,2014-09-23 10:00:00.000000
298,72617,Suffolk,2014-09-05 10:00:00.000000,2014-09-16 10:00:00.000000
299,72608,Suffolk,2014-09-05 10:00:00.000000,2014-09-16 10:00:00.000000
300,72615,Suffolk,2014-09-12 10:00:00.000000,2014-10-02 10:00:00.000000
301,72576,Suffolk,2014-09-16 10:00:00.000000,2014-11-06 10:00:00.000000
302,72589,Suffolk,2014-09-10 10:00:00.000000,2014-09-16 10:00:00.000000
303,72584,Suffolk,2014-09-10 10:00:00.000000,2014-09-30 10:00:00.000000
304,72609,Suffolk,2014-09-15 10:00:00.000000,2014-09-15 10:00:00.000000
305,72523,Suffolk,2014-10-02 10:00:00.000000,
306,72585,Suffolk,2014-11-12 10:00:00.000000,2014-12-11 10:00:00.000000
307,72634,Suffolk,2014-09-11 10:00:00.000000,2014-09-19 10:00:00.000000
308,72568,Suffolk,2014-09-15 10:00:00.000000,2014-09-15 10:00:00.000000
309,72606,Suffolk,2014-09-16 10:00:00.000000,2014-09-22 10:00:00.000000
310,72587,Suffolk,2014-09-16 10:00:00.000000,2014-09-23 10:00:00.000000
311,72556,Suffolk,2014-09-15 10:00:00.000000,2014-10-17 10:00:00.000000
312,72622,Suffolk,2014-09-18 10:00:00.000000,2015-10-06 10:00:00.000000
313,72633,Suffolk,2014-09-18 10:00:00.000000,2014-10-06 10:00:00.000000
314,72671,Suffolk,2014-09-15 10:00:00.000000,2014-09-23 10:00:00.000000
317,72635,Suffolk,2014-09-15 10:00:00.000000,2014-09-24 10:00:00.000000
318,72712,Suffolk,2014-09-16 10:00:00.000000,2014-09-24 10:00:00.000000
319,72566,Suffolk,2014-10-07 10:00:00.000000,2014-11-12 10:00:00.000000
320,72775,Suffolk,2014-09-17 10:00:00.000000,2014-09-24 10:00:00.000000
322,72509,Suffolk,2014-09-18 10:00:00.000000,2014-10-07 10:00:00.000000
323,72928,Suffolk,2014-09-24 10:00:00.000000,2014-10-07 10:00:00.000000
324,72591,Suffolk,2014-09-18 10:00:00.000000,2014-10-07 10:00:00.000000
325,72751,Suffolk,2014-09-19 10:00:00.000000,2014-10-17 10:00:00.000000
326,72344,Suffolk,2014-10-09 10:00:00.000000,2014-11-18 10:00:00.000000
327,72937,Suffolk,2014-10-10 10:00:00.000000,2014-10-30 10:00:00.000000
328,72781,Suffolk,2014-09-24 10:00:00.000000,2014-11-03 10:00:00.000000
329,72917,Suffolk,2014-11-03 10:00:00.000000,
330,72925,Suffolk,2014-10-14 10:00:00.000000,2014-12-11 10:00:00.000000
331,72962,Suffolk,2014-09-30 10:00:00.000000,2014-10-27 10:00:00.000000
332,72620,Suffolk,2014-10-10 10:00:00.000000,2014-11-26 10:00:00.000000
333,72960,Suffolk,2014-09-25 10:00:00.000000,
334,72943,Suffolk,2014-10-17 10:00:00.000000,2014-11-03 10:00:00.000000
335,70902,Suffolk,2014-10-09 10:00:00.000000,2014-11-03 10:00:00.000000
336,72757,Suffolk,2014-10-16 10:00:00.000000,2014-10-24 10:00:00.000000
337,72966,Suffolk,2014-09-30 10:00:00.000000,2014-10-28 10:00:00.000000
338,72946,Suffolk,2014-10-07 10:00:00.000000,
339,72945,Suffolk,2014-09-30 10:00:00.000000,2014-10-07 10:00:00.000000
340,72779,Suffolk,2014-10-14 10:00:00.000000,
341,72672,Suffolk,2014-09-30 10:00:00.000000,2014-10-07 10:00:00.000000
342,72546,Suffolk,2014-09-30 10:00:00.000000,2014-10-31 10:00:00.000000
343,72947,Suffolk,2014-09-30 10:00:00.000000,2014-10-03 10:00:00.000000
344,72972,Suffolk,2014-12-04 10:00:00.000000,2014-12-11 10:00:00.000000
345,72953,Suffolk,2014-09-30 10:00:00.000000,2014-10-31 10:00:00.000000
346,72778,Suffolk,2014-09-30 10:00:00.000000,2014-10-07 10:00:00.000000
347,72994,Suffolk,2014-09-16 10:00:00.000000,2014-10-16 10:00:00.000000
348,72926,Suffolk,2014-10-21 10:00:00.000000,2014-11-03 10:00:00.000000
349,72944,Suffolk,2014-10-20 10:00:00.000000,2014-11-10 10:00:00.000000
350,72979,Suffolk,2014-10-02 10:00:00.000000,2014-10-10 10:00:00.000000
352,72998,Suffolk,2014-10-07 10:00:00.000000,2014-11-19 10:00:00.000000
353,73009,Suffolk,2014-11-14 10:00:00.000000,2014-11-26 10:00:00.000000
354,73071,Suffolk,2014-10-07 10:00:00.000000,2014-11-19 10:00:00.000000
355,73011,Suffolk,2014-11-04 10:00:00.000000,2014-11-14 10:00:00.000000
356,73051,Suffolk,2014-10-07 10:00:00.000000,2015-01-14 10:00:00.000000
357,73008,Suffolk,2014-10-14 10:00:00.000000,
358,73063,Suffolk,2014-11-14 10:00:00.000000,2014-11-19 10:00:00.000000
359,73088,Suffolk,2014-10-24 10:00:00.000000,2014-11-03 10:00:00.000000
360,73086,Suffolk,2014-10-24 10:00:00.000000,2014-11-03 10:00:00.000000
361,73073,Suffolk,2014-11-14 10:00:00.000000,2014-11-26 10:00:00.000000
362,73092,Suffolk,2014-10-09 10:00:00.000000,2014-11-26 10:00:00.000000
363,72988,Suffolk,2014-10-09 10:00:00.000000,2014-11-03 10:00:00.000000
364,72978,Suffolk,2014-10-09 10:00:00.000000,
365,73199,Suffolk,2014-10-09 10:00:00.000000,2014-10-31 10:00:00.000000
366,73464,Suffolk,2014-10-09 10:00:00.000000,
367,73325,Suffolk,2014-10-09 10:00:00.000000,2014-10-29 10:00:00.000000
369,72764,Suffolk,2014-10-08 10:00:00.000000,
370,72597,Suffolk,2014-10-09 10:00:00.000000,2014-10-28 10:00:00.000000
371,73674,Suffolk,2014-10-10 10:00:00.000000,2014-12-11 10:00:00.000000
372,73671,Suffolk,2014-12-11 10:00:00.000000,
373,72985,Suffolk,2014-10-14 10:00:00.000000,2014-10-29 10:00:00.000000
374,73042,Suffolk,2014-10-09 10:00:00.000000,2014-11-06 10:00:00.000000
375,73663,Suffolk,2014-10-10 10:00:00.000000,2014-10-20 10:00:00.000000
376,73647,Suffolk,2014-10-09 10:00:00.000000,2014-10-16 10:00:00.000000
377,73193,Suffolk,2016-01-25 10:00:00.000000,2016-01-25 10:00:00.000000
378,73655,Suffolk,2014-10-14 10:00:00.000000,2014-11-26 10:00:00.000000
380,69286,Suffolk,2015-05-11 10:00:00.000000,
381,68972,Suffolk,2014-10-21 10:00:00.000000,2014-12-11 10:00:00.000000
382,73070,Suffolk,2014-10-14 10:00:00.000000,2014-10-28 10:00:00.000000
383,73715,Suffolk,2014-10-17 10:00:00.000000,2014-11-03 10:00:00.000000
384,73653,Suffolk,2014-10-24 10:00:00.000000,2014-11-07 10:00:00.000000
385,73718,Suffolk,2014-10-17 10:00:00.000000,2014-11-03 10:00:00.000000
386,73731,Suffolk,2014-10-17 10:00:00.000000,
387,73727,Suffolk,2014-11-07 10:00:00.000000,2014-11-19 10:00:00.000000
389,73750,Suffolk,2014-10-21 10:00:00.000000,
390,72487,Suffolk,2014-10-21 10:00:00.000000,2014-10-30 10:00:00.000000
391,73707,Suffolk,2014-12-09 10:00:00.000000,
393,73755,Suffolk,2014-10-21 10:00:00.000000,2014-11-10 10:00:00.000000
396,73758,Suffolk,2014-10-21 10:00:00.000000,
397,73673,Suffolk,2014-10-20 10:00:00.000000,2014-10-30 10:00:00.000000
398,73774,Suffolk,2014-10-24 10:00:00.000000,2014-10-30 10:00:00.000000
399,72621,Suffolk,2014-10-20 10:00:00.000000,2014-10-30 10:00:00.000000
400,73666,Suffolk,2014-10-20 10:00:00.000000,2014-10-30 10:00:00.000000
402,73794,Suffolk,2014-10-24 10:00:00.000000,
403,73805,Suffolk,2014-10-24 10:00:00.000000,2014-10-29 10:00:00.000000
404,73754,Suffolk,2014-10-24 10:00:00.000000,2014-10-29 10:00:00.000000
405,73793,Suffolk,2014-10-24 10:00:00.000000,2014-11-06 10:00:00.000000
406,73819,Suffolk,2014-10-24 10:00:00.000000,2014-10-31 10:00:00.000000
407,73804,Suffolk,2014-12-04 10:00:00.000000,2014-12-17 10:00:00.000000
408,73822,Suffolk,2014-10-24 10:00:00.000000,2014-11-03 10:00:00.000000
409,73390,Suffolk,2014-10-24 10:00:00.000000,2015-07-22 10:00:00.000000
410,73828,Suffolk,2014-10-24 10:00:00.000000,2014-11-03 10:00:00.000000
411,73827,Suffolk,2014-10-24 10:00:00.000000,2014-11-03 10:00:00.000000
412,73844,Suffolk,2014-10-27 10:00:00.000000,2014-12-11 10:00:00.000000
413,73809,Suffolk,2014-10-28 10:00:00.000000,
414,73806,Suffolk,2014-10-28 10:00:00.000000,2014-11-06 10:00:00.000000
415,73662,Suffolk,2015-02-13 10:00:00.000000,2015-02-20 10:00:00.000000
416,73810,Suffolk,2014-10-28 10:00:00.000000,2014-11-03 10:00:00.000000
417,73853,Suffolk,2014-10-28 10:00:00.000000,
418,73742,Suffolk,2014-11-14 10:00:00.000000,2014-11-26 10:00:00.000000
419,73735,Suffolk,2014-10-30 10:00:00.000000,
420,73716,Suffolk,2014-10-28 10:00:00.000000,2014-11-03 10:00:00.000000
421,73857,Suffolk,2014-10-28 10:00:00.000000,
422,73856,Suffolk,2014-11-05 10:00:00.000000,2014-12-11 10:00:00.000000
423,73787,Suffolk,2014-11-03 10:00:00.000000,2014-11-19 10:00:00.000000
424,73084,Suffolk,2014-11-03 10:00:00.000000,2014-11-19 10:00:00.000000
425,73866,Suffolk,2014-10-30 10:00:00.000000,2014-11-05 10:00:00.000000
426,73860,Suffolk,2014-01-30 10:00:00.000000,2014-11-05 10:00:00.000000
427,72857,Suffolk,2014-11-03 10:00:00.000000,2014-11-19 10:00:00.000000
428,73834,Suffolk,2014-10-30 10:00:00.000000,2014-11-18 10:00:00.000000
429,73845,Suffolk,2014-10-30 10:00:00.000000,2014-11-05 10:00:00.000000
430,73717,Suffolk,2015-05-01 10:00:00.000000,2015-05-01 10:00:00.000000
432,73855,Suffolk,2014-11-06 10:00:00.000000,2014-11-19 10:00:00.000000
433,73850,Suffolk,2014-11-05 10:00:00.000000,2014-12-11 10:00:00.000000
435,73868,Suffolk,2014-10-31 10:00:00.000000,2014-12-11 10:00:00.000000
436,73817,Suffolk,2014-11-12 10:00:00.000000,2014-11-19 10:00:00.000000
438,73818,Suffolk,2014-11-12 10:00:00.000000,2014-11-19 10:00:00.000000
439,73865,Suffolk,2014-11-05 10:00:00.000000,2014-12-11 10:00:00.000000
440,73768,Suffolk,2014-11-14 10:00:00.000000,
441,73872,Suffolk,2014-11-04 10:00:00.000000,2014-11-06 10:00:00.000000
442,73891,Suffolk,2014-11-17 10:00:00.000000,2015-01-07 10:00:00.000000
443,73881,Suffolk,2014-11-06 10:00:00.000000,2014-11-25 10:00:00.000000
444,73863,Suffolk,2014-11-05 10:00:00.000000,2014-12-11 10:00:00.000000
445,73879,Suffolk,2014-11-04 10:00:00.000000,2014-11-06 10:00:00.000000
446,73858,Suffolk,2014-11-24 10:00:00.000000,2014-11-26 10:00:00.000000
447,73903,Suffolk,2014-11-04 10:00:00.000000,2014-11-06 10:00:00.000000
448,73890,Suffolk,2014-11-05 10:00:00.000000,2014-12-11 10:00:00.000000
449,73424,Suffolk,2014-11-14 10:00:00.000000,2014-11-26 10:00:00.000000
450,73769,Suffolk,2014-11-06 10:00:00.000000,
451,73760,Suffolk,2014-12-11 10:00:00.000000,2014-12-17 10:00:00.000000
452,73876,Suffolk,2014-11-07 10:00:00.000000,2014-11-19 10:00:00.000000
453,73906,Suffolk,2014-11-06 10:00:00.000000,2014-11-13 10:00:00.000000
454,73772,Suffolk,2014-11-14 10:00:00.000000,2014-11-26 10:00:00.000000
455,73907,Suffolk,2014-11-05 10:00:00.000000,2014-12-11 10:00:00.000000
457,73901,Suffolk,2014-11-07 10:00:00.000000,
458,73912,Suffolk,2014-11-07 10:00:00.000000,2014-12-11 10:00:00.000000
459,73913,Suffolk,2014-11-07 10:00:00.000000,2014-12-11 10:00:00.000000
460,73911,Suffolk,2014-11-21 10:00:00.000000,2015-01-22 10:00:00.000000
461,73905,Suffolk,2014-11-12 10:00:00.000000,2014-11-26 10:00:00.000000
462,73914,Suffolk,2014-11-06 10:00:00.000000,2014-11-13 10:00:00.000000
463,73904,Suffolk,2015-04-24 10:00:00.000000,2015-05-18 10:00:00.000000
464,73955,Suffolk,2014-11-07 10:00:00.000000,2014-11-25 10:00:00.000000
465,72959,Suffolk,2014-11-07 10:00:00.000000,2015-01-14 10:00:00.000000
466,69182,Suffolk,2014-11-12 10:00:00.000000,2014-11-13 10:00:00.000000
468,73959,Suffolk,2014-11-13 10:00:00.000000,
469,73843,Suffolk,2014-11-24 10:00:00.000000,2014-11-26 10:00:00.000000
470,73963,Suffolk,2014-11-14 10:00:00.000000,2014-12-08 10:00:00.000000
472,74295,Suffolk,2014-11-12 10:00:00.000000,
473,73770,Suffolk,2014-11-13 10:00:00.000000,2014-12-12 10:00:00.000000
474,74302,Suffolk,2015-01-13 10:00:00.000000,2015-02-19 10:00:00.000000
475,74293,Suffolk,2014-11-12 10:00:00.000000,2014-11-13 10:00:00.000000
476,74301,Suffolk,2014-11-14 10:00:00.000000,2014-12-19 10:00:00.000000
477,73821,Suffolk,2014-11-13 10:00:00.000000,2014-12-01 10:00:00.000000
478,73869,Suffolk,2014-11-14 10:00:00.000000,2014-12-12 10:00:00.000000
479,74317,Suffolk,2014-11-20 10:00:00.000000,2014-11-24 10:00:00.000000
480,74300,Suffolk,2014-11-17 10:00:00.000000,
481,74315,Suffolk,2014-11-18 10:00:00.000000,2015-01-07 10:00:00.000000
483,74319,Suffolk,2014-11-18 10:00:00.000000,2014-12-12 10:00:00.000000
485,74316,Suffolk,2014-11-18 10:00:00.000000,2015-01-07 10:00:00.000000
486,74337,Suffolk,2014-11-26 10:00:00.000000,
487,74321,Suffolk,2014-11-19 10:00:00.000000,
488,74333,Suffolk,2014-11-21 10:00:00.000000,2015-01-22 10:00:00.000000
489,73783,Suffolk,2014-11-19 10:00:00.000000,2014-11-26 10:00:00.000000
490,74348,Suffolk,2014-11-21 10:00:00.000000,2014-12-17 10:00:00.000000
492,74352,Suffolk,2014-11-20 10:00:00.000000,2014-12-04 10:00:00.000000
493,74367,Suffolk,2014-11-26 10:00:00.000000,2014-12-09 10:00:00.000000
494,74365,Suffolk,2014-11-24 10:00:00.000000,2014-12-03 10:00:00.000000
495,74370,Suffolk,2014-11-25 10:00:00.000000,2015-01-09 10:00:00.000000
496,74371,Suffolk,2015-01-07 10:00:00.000000,
497,72526,Suffolk,2014-11-25 10:00:00.000000,2015-01-09 10:00:00.000000
498,74368,Suffolk,2014-12-02 10:00:00.000000,2015-01-03 10:00:00.000000
499,73745,Suffolk,2014-11-26 10:00:00.000000,2014-12-09 10:00:00.000000
500,74342,Suffolk,2014-11-25 10:00:00.000000,2014-12-10 10:00:00.000000
501,74374,Suffolk,2014-11-26 10:00:00.000000,2014-12-11 10:00:00.000000
502,74373,Suffolk,2014-11-26 10:00:00.000000,2014-12-03 10:00:00.000000
503,74376,Suffolk,2014-12-02 10:00:00.000000,2014-12-10 10:00:00.000000
504,74390,Suffolk,2014-12-02 10:00:00.000000,2014-12-03 10:00:00.000000
505,74392,Suffolk,2014-12-02 10:00:00.000000,2014-12-03 10:00:00.000000
506,74397,Suffolk,2014-12-03 10:00:00.000000,2014-12-11 10:00:00.000000
507,74395,Suffolk,2014-12-04 10:00:00.000000,2015-01-13 10:00:00.000000
508,74318,Suffolk,2014-12-05 10:00:00.000000,2015-01-06 10:00:00.000000
509,74407,Suffolk,2014-12-02 10:00:00.000000,2014-12-03 10:00:00.000000
510,74404,Suffolk,2014-12-04 10:00:00.000000,
511,74414,Suffolk,2014-12-08 10:00:00.000000,2014-12-10 10:00:00.000000
512,74292,Suffolk,2015-03-13 10:00:00.000000,
513,74421,Suffolk,2014-12-09 10:00:00.000000,2014-12-10 10:00:00.000000
514,74413,Suffolk,2014-12-19 10:00:00.000000,2015-01-06 10:00:00.000000
516,74425,Suffolk,2014-12-09 10:00:00.000000,2014-12-10 10:00:00.000000
517,74391,Suffolk,2014-12-08 10:00:00.000000,2015-01-06 10:00:00.000000
518,74410,Suffolk,2014-12-16 10:00:00.000000,2014-12-17 10:00:00.000000
520,73882,Suffolk,2015-01-07 10:00:00.000000,2015-01-14 10:00:00.000000
521,74437,Suffolk,2014-12-16 10:00:00.000000,2014-12-19 10:00:00.000000
522,74438,Suffolk,2014-12-16 10:00:00.000000,2014-12-19 10:00:00.000000
523,72997,Suffolk,2014-12-16 10:00:00.000000,2014-12-17 10:00:00.000000
524,74412,Suffolk,2014-12-16 10:00:00.000000,2014-12-19 10:00:00.000000
525,74445,Suffolk,2014-12-19 10:00:00.000000,2015-01-15 10:00:00.000000
526,74423,Suffolk,2015-01-26 10:00:00.000000,
527,74417,Suffolk,2014-12-19 10:00:00.000000,2015-01-15 10:00:00.000000
528,74361,Suffolk,2015-02-19 10:00:00.000000,2015-03-16 10:00:00.000000
529,74450,Suffolk,2014-12-17 10:00:00.000000,2015-01-13 10:00:00.000000
531,74458,Suffolk,2014-12-19 10:00:00.000000,
532,74470,Suffolk,2015-01-07 10:00:00.000000,2015-01-14 10:00:00.000000
533,75728,Suffolk,2015-01-07 10:00:00.000000,2015-01-14 10:00:00.000000
534,74465,Suffolk,2015-01-07 10:00:00.000000,2015-01-14 10:00:00.000000
535,74464,Suffolk,2015-01-08 10:00:00.000000,2015-01-14 10:00:00.000000
536,75915,Suffolk,2015-01-13 10:00:00.000000,2015-02-06 10:00:00.000000
538,74431,Nassau,2015-03-18 10:00:00.000000,2015-04-08 10:00:00.000000
539,74435,Nassau,2015-03-18 10:00:00.000000,2015-04-20 10:00:00.000000
540,76206,Suffolk,2015-01-08 10:00:00.000000,2015-01-14 10:00:00.000000
541,76142,Suffolk,2015-01-08 10:00:00.000000,2015-01-22 10:00:00.000000
542,76140,Suffolk,2015-02-11 10:00:00.000000,2015-02-19 10:00:00.000000
543,76243,Suffolk,2015-01-13 10:00:00.000000,2015-02-17 10:00:00.000000
545,72488,Suffolk,2015-01-12 10:00:00.000000,2015-01-23 10:00:00.000000
546,76251,Suffolk,2015-01-16 10:00:00.000000,2015-01-22 10:00:00.000000
549,76174,Suffolk,2015-01-22 10:00:00.000000,2015-01-29 10:00:00.000000
550,74388,Suffolk,2015-01-16 10:00:00.000000,2015-01-22 10:00:00.000000
551,76263,Suffolk,2015-01-16 10:00:00.000000,2015-01-22 10:00:00.000000
552,76238,Suffolk,2015-01-22 10:00:00.000000,
553,76261,Suffolk,2015-02-11 10:00:00.000000,2015-03-06 10:00:00.000000
554,76288,Suffolk,2015-01-29 10:00:00.000000,2015-02-04 10:00:00.000000
555,76273,Suffolk,2015-01-22 10:00:00.000000,2015-02-11 10:00:00.000000
557,76272,Suffolk,2015-01-22 10:00:00.000000,2015-02-11 10:00:00.000000
558,76294,Suffolk,2015-01-22 10:00:00.000000,2015-01-29 10:00:00.000000
559,76303,Suffolk,2015-01-22 10:00:00.000000,2015-02-10 10:00:00.000000
560,76291,Suffolk,2015-02-04 10:00:00.000000,2015-03-03 10:00:00.000000
561,76310,Suffolk,2015-01-26 10:00:00.000000,2015-01-30 10:00:00.000000
563,74433,Nassau,2015-03-10 10:00:00.000000,2015-03-31 10:00:00.000000
564,76566,Suffolk,2015-01-29 10:00:00.000000,2015-02-04 10:00:00.000000
565,76266,Nassau,2015-03-25 10:00:00.000000,2015-04-08 10:00:00.000000
566,76565,Suffolk,2015-01-29 10:00:00.000000,
567,76563,Suffolk,2015-02-04 10:00:00.000000,2015-02-18 10:00:00.000000
568,76587,Suffolk,2015-02-11 10:00:00.000000,2015-02-19 10:00:00.000000
569,76309,Nassau,2015-03-10 10:00:00.000000,2015-03-23 10:00:00.000000
570,76578,Suffolk,2015-02-27 10:00:00.000000,2015-03-05 10:00:00.000000
571,76576,Suffolk,2015-02-11 10:00:00.000000,2015-03-03 10:00:00.000000
572,76572,Suffolk,2015-02-04 10:00:00.000000,2015-02-27 10:00:00.000000
573,76584,Suffolk,2015-02-09 10:00:00.000000,2015-02-20 10:00:00.000000
574,76255,Suffolk,2015-02-04 10:00:00.000000,2015-02-23 10:00:00.000000
575,76588,Suffolk,2015-02-10 10:00:00.000000,2015-02-13 10:00:00.000000
576,76599,Suffolk,2015-02-10 10:00:00.000000,2015-02-13 10:00:00.000000
577,76585,Suffolk,2015-02-11 10:00:00.000000,2015-02-20 10:00:00.000000
578,76616,Suffolk,2015-02-10 10:00:00.000000,2015-03-04 10:00:00.000000
580,76624,Suffolk,2015-02-16 10:00:00.000000,2015-02-24 10:00:00.000000
581,76591,Suffolk,2015-02-27 10:00:00.000000,2015-03-17 10:00:00.000000
585,76625,Suffolk,2015-02-13 10:00:00.000000,2015-02-20 10:00:00.000000
587,76620,Nassau,2015-04-13 10:00:00.000000,2015-05-05 10:00:00.000000
588,76583,Suffolk,2015-02-19 10:00:00.000000,2015-03-19 10:00:00.000000
590,76575,Suffolk,2015-02-16 10:00:00.000000,2015-03-03 10:00:00.000000
591,76645,Suffolk,2015-02-19 10:00:00.000000,
592,76640,Suffolk,2015-02-27 10:00:00.000000,2015-03-23 10:00:00.000000
593,76648,Nassau,2015-03-10 10:00:00.000000,2015-03-23 10:00:00.000000
594,76650,Suffolk,2015-02-20 10:00:00.000000,2015-03-17 10:00:00.000000
597,76676,Suffolk,2015-03-04 10:00:00.000000,2015-03-12 10:00:00.000000
598,76680,Suffolk,2015-03-13 10:00:00.000000,2015-03-27 10:00:00.000000
600,76810,Suffolk,2015-03-03 10:00:00.000000,2015-04-03 10:00:00.000000
601,76808,Nassau,2015-03-18 10:00:00.000000,2015-03-31 10:00:00.000000
602,76662,Nassau,2015-03-10 10:00:00.000000,2015-03-25 10:00:00.000000
606,76679,Suffolk,2015-03-13 10:00:00.000000,2015-03-31 10:00:00.000000
607,76589,Suffolk,2015-03-03 10:00:00.000000,2015-03-13 10:00:00.000000
608,76820,Suffolk,2015-03-03 10:00:00.000000,2015-03-17 10:00:00.000000
610,76818,Suffolk,2015-02-25 10:00:00.000000,2015-03-18 10:00:00.000000
611,76656,Suffolk,2015-03-12 10:00:00.000000,2015-06-08 10:00:00.000000
612,76573,Suffolk,2015-03-19 10:00:00.000000,2015-04-13 10:00:00.000000
616,76604,Suffolk,2015-02-25 10:00:00.000000,2015-06-04 10:00:00.000000
617,76603,Suffolk,2015-03-03 10:00:00.000000,2015-03-27 10:00:00.000000
618,76836,Suffolk,2015-03-03 10:00:00.000000,2015-03-31 10:00:00.000000
619,76657,Suffolk,2015-03-04 10:00:00.000000,2015-03-23 10:00:00.000000
620,76837,Suffolk,2015-03-12 10:00:00.000000,2015-03-31 10:00:00.000000
621,76833,Suffolk,2015-03-04 10:00:00.000000,2015-03-12 10:00:00.000000
622,72352,Nassau,2015-04-13 10:00:00.000000,2015-05-07 10:00:00.000000
623,76600,Suffolk,2015-03-03 10:00:00.000000,2015-03-23 10:00:00.000000
624,76944,Nassau,2015-03-10 10:00:00.000000,2015-03-23 10:00:00.000000
625,76821,Nassau,2015-03-18 10:00:00.000000,2015-03-31 10:00:00.000000
626,76940,Nassau,2015-03-18 10:00:00.000000,2015-04-08 10:00:00.000000
627,76946,Suffolk,2015-03-04 10:00:00.000000,2015-03-17 10:00:00.000000
630,76941,Suffolk,2015-03-04 10:00:00.000000,2015-03-12 10:00:00.000000
631,76825,Suffolk,2015-03-18 10:00:00.000000,2015-03-31 10:00:00.000000
635,76827,Suffolk,2015-03-12 10:00:00.000000,2015-03-13 10:00:00.000000
636,76973,Suffolk,2015-03-25 10:00:00.000000,2015-04-08 10:00:00.000000
637,76681,Suffolk,2015-03-13 10:00:00.000000,2015-03-31 10:00:00.000000
638,76674,Suffolk,2015-03-10 10:00:00.000000,2015-03-18 10:00:00.000000
641,76991,Nassau,2015-03-18 10:00:00.000000,2015-01-31 10:00:00.000000
642,76634,Suffolk,2015-04-13 10:00:00.000000,2015-04-20 10:00:00.000000
645,77003,Suffolk,2015-03-23 10:00:00.000000,2015-03-31 10:00:00.000000
647,76985,Suffolk,2015-03-10 10:00:00.000000,2015-03-13 10:00:00.000000
648,77012,Suffolk,2015-03-10 10:00:00.000000,2015-03-18 10:00:00.000000
649,76617,Nassau,2015-03-18 10:00:00.000000,2015-04-08 10:00:00.000000
652,76935,Nassau,2015-03-25 10:00:00.000000,2015-04-23 10:00:00.000000
653,76564,Suffolk,2015-03-12 10:00:00.000000,2015-03-23 10:00:00.000000
655,76996,Nassau,2015-03-18 10:00:00.000000,2015-03-18 10:00:00.000000
656,76987,Suffolk,2015-03-30 10:00:00.000000,2015-04-15 10:00:00.000000
659,77025,Suffolk,2015-03-26 10:00:00.000000,2015-04-15 10:00:00.000000
660,77019,Suffolk,2015-03-20 10:00:00.000000,2015-04-28 10:00:00.000000
664,76976,Suffolk,2015-03-24 10:00:00.000000,2015-04-28 10:00:00.000000
665,77044,Nassau,2015-03-18 10:00:00.000000,2015-03-31 10:00:00.000000
666,77053,Suffolk,2015-03-13 10:00:00.000000,2015-03-20 10:00:00.000000
668,77048,Suffolk,2015-03-24 10:00:00.000000,2015-04-02 10:00:00.000000
669,77037,Suffolk,2015-03-26 10:00:00.000000,2015-07-16 10:00:00.000000
670,76981,Suffolk,2015-03-10 10:00:00.000000,2015-03-18 10:00:00.000000
672,76950,Suffolk,2015-03-19 10:00:00.000000,2015-03-25 10:00:00.000000
676,77008,Suffolk,2015-03-23 10:00:00.000000,
678,76993,Nassau,2015-04-01 10:00:00.000000,2015-04-22 10:00:00.000000
679,77057,Nassau,2015-03-25 10:00:00.000000,2015-04-20 10:00:00.000000
680,77030,Nassau,2015-03-25 10:00:00.000000,2015-04-22 10:00:00.000000
682,77108,Suffolk,2015-03-19 10:00:00.000000,2015-04-08 10:00:00.000000
683,76647,Suffolk,2015-03-18 10:00:00.000000,2015-04-06 10:00:00.000000
684,77113,Suffolk,2015-03-26 10:00:00.000000,2015-04-23 10:00:00.000000
685,77052,Nassau,2015-03-18 10:00:00.000000,2015-03-31 10:00:00.000000
686,77059,Suffolk,2015-03-24 10:00:00.000000,2015-04-28 10:00:00.000000
687,77119,Suffolk,2015-03-27 10:00:00.000000,2015-04-28 10:00:00.000000
688,77117,Suffolk,2015-03-24 10:00:00.000000,2015-04-28 10:00:00.000000
689,77105,Suffolk,2015-04-06 10:00:00.000000,2015-04-21 10:00:00.000000
690,77116,Suffolk,2015-04-01 10:00:00.000000,2015-04-21 10:00:00.000000
691,76947,Suffolk,2015-03-25 10:00:00.000000,2015-04-08 10:00:00.000000
693,77106,Nassau,2015-03-25 10:00:00.000000,2015-04-08 10:00:00.000000
694,77029,Suffolk,2015-03-26 10:00:00.000000,2015-04-16 10:00:00.000000
695,77102,Suffolk,2015-03-24 10:00:00.000000,2015-04-08 10:00:00.000000
696,77100,Suffolk,2015-03-27 10:00:00.000000,2015-04-02 10:00:00.000000
697,77014,Suffolk,2015-03-26 10:00:00.000000,2015-05-06 10:00:00.000000
698,77132,Suffolk,2015-04-07 10:00:00.000000,2015-04-27 10:00:00.000000
700,77020,Nassau,2015-03-25 10:00:00.000000,2015-04-20 10:00:00.000000
701,76653,Suffolk,2015-03-27 10:00:00.000000,2015-04-09 10:00:00.000000
702,76824,Suffolk,2015-03-23 10:00:00.000000,2015-04-08 10:00:00.000000
703,77009,Suffolk,2015-04-06 10:00:00.000000,2015-04-28 10:00:00.000000
706,77128,Nassau,2015-05-05 10:00:00.000000,2015-06-17 10:00:00.000000
707,77123,Nassau,2015-04-16 10:00:00.000000,2015-07-21 10:00:00.000000
708,77148,Suffolk,2015-04-06 10:00:00.000000,2015-06-10 10:00:00.000000
709,77142,Nassau,2015-04-16 10:00:00.000000,2015-06-02 10:00:00.000000
711,77147,Suffolk,2015-03-27 10:00:00.000000,2015-05-06 10:00:00.000000
712,77141,Suffolk,2015-03-26 10:00:00.000000,2015-04-08 10:00:00.000000
713,76956,Suffolk,2015-03-27 10:00:00.000000,2015-04-09 10:00:00.000000
715,77114,Suffolk,2015-03-19 10:00:00.000000,2015-04-13 10:00:00.000000
716,77151,Suffolk,2015-04-01 10:00:00.000000,2015-04-15 10:00:00.000000
717,76807,Suffolk,2015-03-26 10:00:00.000000,2015-04-16 10:00:00.000000
718,77156,Suffolk,2015-04-16 10:00:00.000000,2015-05-20 10:00:00.000000
720,77149,Nassau,2015-04-08 10:00:00.000000,2015-04-22 10:00:00.000000
721,77162,Suffolk,2015-04-02 10:00:00.000000,2015-04-21 10:00:00.000000
722,77150,Nassau,2015-04-01 10:00:00.000000,2015-04-22 10:00:00.000000
723,77032,Nassau,2015-04-16 10:00:00.000000,2015-04-27 10:00:00.000000
724,77163,Nassau,2015-05-13 10:00:00.000000,2015-06-17 10:00:00.000000
725,77173,Suffolk,2015-04-28 10:00:00.000000,2015-05-21 10:00:00.000000
728,77002,Suffolk,2015-04-02 10:00:00.000000,2015-05-14 10:00:00.000000
729,77159,Suffolk,2015-04-08 10:00:00.000000,2015-04-27 10:00:00.000000
730,77175,Suffolk,2015-04-23 10:00:00.000000,2015-04-30 10:00:00.000000
731,77171,Suffolk,2015-07-07 10:00:00.000000,2015-07-17 10:00:00.000000
733,77180,Suffolk,2015-04-03 10:00:00.000000,2015-05-15 10:00:00.000000
734,77192,Suffolk,2015-04-03 10:00:00.000000,2015-04-28 10:00:00.000000
735,77196,Nassau,2015-04-30 10:00:00.000000,2015-06-01 10:00:00.000000
737,73795,Suffolk,2015-04-02 10:00:00.000000,
738,77157,Suffolk,2015-04-06 10:00:00.000000,2015-04-28 10:00:00.000000
739,77200,Nassau,2015-04-08 10:00:00.000000,2015-04-22 10:00:00.000000
740,77205,Suffolk,2015-04-23 10:00:00.000000,2015-05-19 10:00:00.000000
741,77201,Nassau,2015-04-13 10:00:00.000000,2015-05-08 10:00:00.000000
742,77211,Nassau,2015-04-08 10:00:00.000000,2015-04-22 10:00:00.000000
743,77177,Suffolk,2015-04-02 10:00:00.000000,2015-04-15 10:00:00.000000
745,77221,Nassau,2015-04-08 10:00:00.000000,2015-04-22 10:00:00.000000
746,77224,Nassau,2015-04-30 10:00:00.000000,2015-05-21 10:00:00.000000
747,77212,Suffolk,2015-05-14 10:00:00.000000,2015-06-02 10:00:00.000000
748,77219,Suffolk,2015-04-14 10:00:00.000000,2015-04-27 10:00:00.000000
749,77213,Missing,2015-04-07 10:00:00.000000,
751,77176,Nassau,2015-04-16 10:00:00.000000,2015-06-02 10:00:00.000000
752,77323,Nassau,2015-04-22 10:00:00.000000,2015-05-19 10:00:00.000000
754,77220,Suffolk,2015-04-14 10:00:00.000000,2015-05-15 10:00:00.000000
757,72971,Suffolk,2015-04-20 10:00:00.000000,2015-05-01 10:00:00.000000
758,77580,Suffolk,2015-04-08 10:00:00.000000,2015-04-27 10:00:00.000000
760,76822,Suffolk,2015-04-07 10:00:00.000000,2015-04-27 10:00:00.000000
765,77584,Suffolk,2015-04-16 10:00:00.000000,2015-05-27 10:00:00.000000
767,77950,Suffolk,2015-04-20 10:00:00.000000,2015-04-28 10:00:00.000000
772,77958,Suffolk,2015-04-16 10:00:00.000000,2015-05-01 10:00:00.000000
776,77228,Nassau,2015-04-30 10:00:00.000000,2015-05-21 10:00:00.000000
778,77819,Suffolk,2015-04-16 10:00:00.000000,2015-05-27 10:00:00.000000
779,78223,Suffolk,2015-04-23 10:00:00.000000,
780,77962,Suffolk,2015-04-26 10:00:00.000000,2015-04-30 10:00:00.000000
783,78219,Suffolk,2015-04-21 10:00:00.000000,2015-05-12 10:00:00.000000
784,78228,Nassau,2015-04-22 10:00:00.000000,2015-06-02 10:00:00.000000
785,78212,Suffolk,2015-04-21 10:00:00.000000,
786,78193,Nassau,2015-04-16 10:00:00.000000,2015-06-02 10:00:00.000000
787,78199,Nassau,2015-04-22 10:00:00.000000,2015-06-02 10:00:00.000000
789,78233,Suffolk,2015-04-20 10:00:00.000000,
790,78221,Suffolk,2015-04-20 10:00:00.000000,2015-05-12 10:00:00.000000
791,77225,Suffolk,2015-04-21 10:00:00.000000,
792,78224,Nassau,2015-04-22 10:00:00.000000,2015-06-02 10:00:00.000000
793,78390,Nassau,2015-04-30 10:00:00.000000,2015-06-02 10:00:00.000000
795,78391,Suffolk,2015-04-22 10:00:00.000000,2015-05-21 10:00:00.000000
797,78226,Suffolk,2015-06-02 10:00:00.000000,2015-06-26 10:00:00.000000
798,78209,Nassau,2015-04-16 10:00:00.000000,2015-06-02 10:00:00.000000
799,78213,Nassau,2015-04-30 10:00:00.000000,2015-06-02 10:00:00.000000
801,78402,Nassau,2015-07-03 10:00:00.000000,2015-07-22 10:00:00.000000
802,78408,Suffolk,2015-04-23 10:00:00.000000,2015-06-16 10:00:00.000000
806,77951,Nassau,2015-05-13 10:00:00.000000,2015-07-01 10:00:00.000000
808,77214,Suffolk,2015-05-19 10:00:00.000000,2015-06-16 10:00:00.000000
810,78208,Suffolk,2015-04-30 10:00:00.000000,2015-05-13 10:00:00.000000
811,78429,Suffolk,2015-05-11 10:00:00.000000,
812,78426,Suffolk,2015-05-08 10:00:00.000000,
814,78813,Suffolk,2015-04-28 10:00:00.000000,2015-05-15 10:00:00.000000
815,78433,Suffolk,2015-04-24 10:00:00.000000,2015-05-26 10:00:00.000000
817,78810,Nassau,2015-04-30 10:00:00.000000,2015-06-01 10:00:00.000000
820,78420,Suffolk,2015-04-24 10:00:00.000000,2015-05-18 10:00:00.000000
822,78817,Suffolk,2015-04-30 10:00:00.000000,2015-05-13 10:00:00.000000
823,79021,Suffolk,2015-05-14 10:00:00.000000,2015-06-02 10:00:00.000000
824,79053,Nassau,2015-05-08 10:00:00.000000,2015-06-17 10:00:00.000000
826,79020,Suffolk,2015-04-23 10:00:00.000000,2015-05-13 10:00:00.000000
827,78893,Suffolk,2015-05-14 10:00:00.000000,2015-06-02 10:00:00.000000
828,78399,Suffolk,2015-04-21 10:00:00.000000,2015-05-07 10:00:00.000000
829,77578,Nassau,2015-05-05 10:00:00.000000,2015-06-17 10:00:00.000000
830,78822,Suffolk,2015-04-28 10:00:00.000000,2015-05-15 10:00:00.000000
832,78828,Nassau,2015-05-05 10:00:00.000000,2015-06-11 10:00:00.000000
833,78894,Nassau,2015-05-05 10:00:00.000000,2015-05-21 10:00:00.000000
835,78823,Suffolk,2015-04-28 10:00:00.000000,2015-05-15 10:00:00.000000
836,79666,Suffolk,2015-04-30 10:00:00.000000,2015-05-13 10:00:00.000000
837,78421,Suffolk,2015-05-04 10:00:00.000000,2015-05-13 10:00:00.000000
838,79672,Nassau,2015-05-05 10:00:00.000000,2015-06-02 10:00:00.000000
839,79182,Nassau,2015-05-08 10:00:00.000000,2015-06-17 10:00:00.000000
840,79664,Suffolk,2015-04-30 10:00:00.000000,2015-05-13 10:00:00.000000
841,79661,Nassau,2015-04-30 10:00:00.000000,2015-06-01 10:00:00.000000
843,79185,Suffolk,2015-04-02 10:00:00.000000,2015-04-02 10:00:00.000000
844,79653,Suffolk,2015-05-05 10:00:00.000000,2015-05-11 10:00:00.000000
847,79655,Suffolk,2015-05-04 10:00:00.000000,2015-05-13 10:00:00.000000
848,79676,Suffolk,2015-05-04 10:00:00.000000,2015-05-13 10:00:00.000000
849,79684,Suffolk,2015-05-04 10:00:00.000000,2015-05-29 10:00:00.000000
850,79674,Suffolk,2015-05-01 10:00:00.000000,2015-05-11 10:00:00.000000
853,79718,Suffolk,2015-06-17 10:00:00.000000,2015-07-01 10:00:00.000000
854,80105,Suffolk,2015-05-05 10:00:00.000000,2015-05-19 10:00:00.000000
855,80109,Nassau,2015-05-22 10:00:00.000000,2015-06-05 10:00:00.000000
858,77206,Suffolk,2015-05-11 10:00:00.000000,2015-06-05 10:00:00.000000
860,80303,Suffolk,2015-05-12 10:00:00.000000,2015-05-14 10:00:00.000000
861,80313,Suffolk,2015-05-18 10:00:00.000000,
862,79055,Suffolk,2015-06-04 10:00:00.000000,2015-07-01 10:00:00.000000
863,80306,Suffolk,2015-05-04 10:00:00.000000,2015-05-15 10:00:00.000000
865,79662,Suffolk,2015-05-08 10:00:00.000000,2015-05-14 10:00:00.000000
866,79657,Nassau,2015-09-24 10:00:00.000000,2015-10-15 10:00:00.000000
869,78409,Suffolk,2015-05-21 10:00:00.000000,2015-06-10 10:00:00.000000
872,80325,Suffolk,2015-05-13 10:00:00.000000,2015-05-20 10:00:00.000000
873,80796,Suffolk,2015-05-08 10:00:00.000000,2015-05-28 10:00:00.000000
874,81269,Suffolk,2015-06-19 10:00:00.000000,2015-07-10 10:00:00.000000
875,80114,Nassau,2015-05-05 10:00:00.000000,2015-05-21 10:00:00.000000
876,81263,Suffolk,2015-06-04 10:00:00.000000,
877,80110,Suffolk,2015-05-11 10:00:00.000000,2015-06-02 10:00:00.000000
878,80319,Suffolk,2015-05-08 10:00:00.000000,2015-05-14 10:00:00.000000
883,79719,Suffolk,2015-05-08 10:00:00.000000,2015-05-18 10:00:00.000000
884,80115,Suffolk,2015-05-28 10:00:00.000000,2015-06-26 10:00:00.000000
885,80326,Nassau,2015-05-21 10:00:00.000000,2015-07-20 10:00:00.000000
886,81266,Suffolk,2015-05-27 10:00:00.000000,2015-06-17 10:00:00.000000
888,80104,Suffolk,2015-04-30 10:00:00.000000,2015-05-13 10:00:00.000000
889,79686,Suffolk,2015-05-29 10:00:00.000000,
894,81283,Suffolk,2015-05-11 10:00:00.000000,2015-05-18 10:00:00.000000
897,81280,Suffolk,2015-05-14 10:00:00.000000,2015-06-25 10:00:00.000000
899,81264,Nassau,2015-05-13 10:00:00.000000,2015-07-21 10:00:00.000000
900,78415,Nassau,2015-06-05 10:00:00.000000,2015-07-20 10:00:00.000000
901,81587,Nassau,2015-05-27 10:00:00.000000,2015-07-20 10:00:00.000000
902,81281,Nassau,2015-05-08 10:00:00.000000,2015-06-05 10:00:00.000000
904,81304,Suffolk,2015-05-15 10:00:00.000000,2015-05-27 10:00:00.000000
905,78407,Suffolk,2015-05-07 10:00:00.000000,2015-05-18 10:00:00.000000
907,81599,Nassau,2015-05-21 10:00:00.000000,2015-07-21 10:00:00.000000
908,81302,Suffolk,2015-06-29 10:00:00.000000,2015-09-21 10:00:00.000000
911,80106,Suffolk,2015-05-14 10:00:00.000000,2015-06-05 10:00:00.000000
912,81598,Suffolk,2015-05-18 10:00:00.000000,2015-07-29 10:00:00.000000
915,82414,Suffolk,2015-05-19 10:00:00.000000,2015-06-16 10:00:00.000000
916,82256,Nassau,2015-06-01 10:00:00.000000,2015-07-21 10:00:00.000000
918,82580,Nassau,2015-05-27 10:00:00.000000,2015-08-03 10:00:00.000000
920,74459,Suffolk,2015-08-06 10:00:00.000000,2015-09-04 10:00:00.000000
922,81282,Suffolk,2015-05-12 10:00:00.000000,2015-05-20 10:00:00.000000
923,81271,Suffolk,2015-05-15 10:00:00.000000,2015-05-27 10:00:00.000000
924,77579,Suffolk,2015-04-24 10:00:00.000000,2015-05-18 10:00:00.000000
925,73721,Suffolk,2015-05-27 10:00:00.000000,2015-06-24 10:00:00.000000
928,82644,Suffolk,2015-05-28 10:00:00.000000,2015-06-12 10:00:00.000000
932,83268,Suffolk,2015-05-21 10:00:00.000000,2015-11-18 10:00:00.000000
933,83654,Suffolk,2015-05-13 10:00:00.000000,2015-07-20 10:00:00.000000
934,83263,Suffolk,2015-05-28 10:00:00.000000,2015-06-17 10:00:00.000000
935,84790,Suffolk,2015-05-26 10:00:00.000000,2015-06-11 10:00:00.000000
942,84287,Suffolk,2015-06-22 10:00:00.000000,2015-07-22 10:00:00.000000
943,86046,Suffolk,2015-05-27 10:00:00.000000,2015-06-26 10:00:00.000000
944,83270,Suffolk,2015-05-15 10:00:00.000000,2015-05-27 10:00:00.000000
945,81306,Nassau,2015-05-27 10:00:00.000000,2015-06-04 10:00:00.000000
947,78416,Suffolk,2015-05-08 10:00:00.000000,2015-05-18 10:00:00.000000
948,82576,Suffolk,2015-05-21 10:00:00.000000,2015-06-05 10:00:00.000000
953,82578,Suffolk,2015-06-30 10:00:00.000000,2015-08-05 10:00:00.000000
956,89592,Nassau,2015-05-29 10:00:00.000000,2015-07-13 10:00:00.000000
958,87456,Nassau,2015-05-27 10:00:00.000000,2015-07-10 10:00:00.000000
959,89585,Suffolk,2015-05-26 10:00:00.000000,2015-06-02 10:00:00.000000
960,87132,Suffolk,2015-06-30 10:00:00.000000,2015-08-10 10:00:00.000000
961,89468,Suffolk,2015-05-28 10:00:00.000000,2015-06-25 10:00:00.000000
962,89596,Suffolk,2015-05-28 10:00:00.000000,2015-06-22 10:00:00.000000
963,89600,Suffolk,2015-07-07 10:00:00.000000,2015-07-29 10:00:00.000000
964,89602,Nassau,2015-05-29 10:00:00.000000,2015-06-19 10:00:00.000000
965,89605,Suffolk,2015-05-28 10:00:00.000000,2015-06-25 10:00:00.000000
966,89604,Nassau,2015-06-01 10:00:00.000000,2015-07-17 10:00:00.000000
967,88272,Suffolk,2015-08-21 10:00:00.000000,
968,89589,Suffolk,2015-06-16 10:00:00.000000,2015-07-10 10:00:00.000000
969,89606,Suffolk,2015-06-04 10:00:00.000000,2015-06-08 10:00:00.000000
971,89812,Suffolk,2015-05-02 10:00:00.000000,2015-06-22 10:00:00.000000
974,77217,Suffolk,2015-06-04 10:00:00.000000,2015-07-21 10:00:00.000000
976,86038,Suffolk,2015-07-10 10:00:00.000000,2015-08-03 10:00:00.000000
977,89608,Suffolk,2015-06-04 10:00:00.000000,2015-07-10 10:00:00.000000
978,89825,Suffolk,2015-06-08 10:00:00.000000,2015-07-30 10:00:00.000000
980,89597,Suffolk,2015-06-04 10:00:00.000000,2015-06-15 10:00:00.000000
981,83272,Suffolk,2015-05-21 10:00:00.000000,2015-06-02 10:00:00.000000
983,86042,Suffolk,2015-06-02 10:00:00.000000,2015-06-25 10:00:00.000000
985,89830,Suffolk,2015-07-14 10:00:00.000000,2015-07-27 10:00:00.000000
986,89831,Suffolk,2015-05-29 10:00:00.000000,2015-07-10 10:00:00.000000
988,89588,Suffolk,2015-05-29 10:00:00.000000,2015-06-05 10:00:00.000000
990,90627,Suffolk,2015-06-08 10:00:00.000000,2015-07-30 10:00:00.000000
991,77054,Suffolk,2015-07-07 10:00:00.000000,2015-07-24 10:00:00.000000
994,90629,Nassau,2015-06-01 10:00:00.000000,2015-07-20 10:00:00.000000
995,90631,Suffolk,2015-06-08 10:00:00.000000,2015-07-21 10:00:00.000000
997,83267,Suffolk,2015-05-28 10:00:00.000000,2015-07-01 10:00:00.000000
998,90637,Suffolk,2015-06-10 10:00:00.000000,2015-06-19 10:00:00.000000
999,90560,Nassau,2015-06-01 10:00:00.000000,2015-06-26 10:00:00.000000
1000,90639,Nassau,2015-06-17 10:00:00.000000,2015-07-20 10:00:00.000000
1001,90638,Suffolk,2015-06-05 10:00:00.000000,2015-06-19 10:00:00.000000
1003,90642,Nassau,2015-07-01 10:00:00.000000,2015-08-28 10:00:00.000000
1004,90630,Suffolk,2015-06-09 10:00:00.000000,2015-07-23 10:00:00.000000
1007,90635,Suffolk,2015-06-05 10:00:00.000000,
1009,91238,Suffolk,2015-06-10 10:00:00.000000,2015-06-19 10:00:00.000000
1011,91234,Suffolk,2015-06-04 10:00:00.000000,2015-06-24 10:00:00.000000
1013,91235,Suffolk,2015-06-05 10:00:00.000000,2015-06-19 10:00:00.000000
1014,91251,Suffolk,2015-06-11 10:00:00.000000,2015-08-19 10:00:00.000000
1015,91255,Suffolk,2015-06-10 10:00:00.000000,2015-06-19 10:00:00.000000
1018,91261,Suffolk,2015-06-10 10:00:00.000000,2015-07-10 10:00:00.000000
1022,88302,Nassau,2015-06-05 10:00:00.000000,2015-07-20 10:00:00.000000
1023,91286,Nassau,2015-06-12 10:00:00.000000,2015-07-22 10:00:00.000000
1024,91287,Nassau,2015-06-12 10:00:00.000000,2015-07-13 10:00:00.000000
1026,91275,Suffolk,2015-06-11 10:00:00.000000,2015-06-24 10:00:00.000000
1027,91278,Suffolk,2015-06-08 10:00:00.000000,2015-07-16 10:00:00.000000
1028,91288,Suffolk,2015-06-09 10:00:00.000000,2015-07-21 10:00:00.000000
1032,91270,Suffolk,2015-06-11 10:00:00.000000,2015-07-21 10:00:00.000000
1034,91813,Nassau,2015-06-12 10:00:00.000000,2015-07-20 10:00:00.000000
1036,91252,Nassau,2015-06-12 10:00:00.000000,2015-07-13 10:00:00.000000
1037,92308,Nassau,2015-06-17 10:00:00.000000,2015-07-20 10:00:00.000000
1038,92311,Nassau,2015-06-17 10:00:00.000000,2015-07-20 10:00:00.000000
1041,90650,Suffolk,2015-06-09 10:00:00.000000,
1043,92309,Nassau,2015-06-12 10:00:00.000000,2015-07-01 10:00:00.000000
1044,92314,Nassau,2015-06-19 10:00:00.000000,2015-07-24 10:00:00.000000
1045,93252,Suffolk,2015-06-16 10:00:00.000000,2015-07-10 10:00:00.000000
1046,92697,Suffolk,2015-06-16 10:00:00.000000,2015-07-10 10:00:00.000000
1047,93516,Suffolk,2015-06-17 10:00:00.000000,2015-06-25 10:00:00.000000
1048,93524,Suffolk,2015-06-16 10:00:00.000000,2015-07-22 10:00:00.000000
1050,93514,Suffolk,2015-06-12 10:00:00.000000,2015-06-24 10:00:00.000000
1052,93518,Nassau,2015-06-26 10:00:00.000000,2015-07-22 10:00:00.000000
1053,94637,Nassau,2015-06-12 10:00:00.000000,2015-07-22 10:00:00.000000
1054,91257,Suffolk,2015-06-11 10:00:00.000000,2015-07-09 10:00:00.000000
1055,94631,Suffolk,2015-06-11 10:00:00.000000,2015-07-09 10:00:00.000000
1057,92695,Nassau,2015-06-24 10:00:00.000000,2015-07-24 10:00:00.000000
1059,78427,Suffolk,2015-06-23 10:00:00.000000,2015-08-05 10:00:00.000000
1060,94636,Suffolk,2015-06-16 10:00:00.000000,2015-07-22 10:00:00.000000
1061,81285,Nassau,2015-05-20 10:00:00.000000,2015-05-22 10:00:00.000000
1062,91258,Suffolk,2015-06-10 10:00:00.000000,2015-06-19 10:00:00.000000
1063,94650,Suffolk,2015-06-16 10:00:00.000000,2015-07-22 10:00:00.000000
1065,91256,Suffolk,2015-06-10 10:00:00.000000,2015-06-15 10:00:00.000000
1066,94652,Suffolk,2015-06-12 10:00:00.000000,2015-06-23 10:00:00.000000
1067,94659,Suffolk,2015-06-12 10:00:00.000000,2015-06-23 10:00:00.000000
1068,94648,Suffolk,2015-06-11 10:00:00.000000,2015-06-23 10:00:00.000000
1071,94643,Nassau,2015-06-19 10:00:00.000000,2015-07-13 10:00:00.000000
1072,94653,Nassau,2015-06-19 10:00:00.000000,2015-07-22 10:00:00.000000
1073,94640,Suffolk,2015-06-12 10:00:00.000000,2015-07-22 10:00:00.000000
1076,94642,Suffolk,2015-06-12 10:00:00.000000,2015-06-24 10:00:00.000000
1077,94669,Nassau,2015-07-08 10:00:00.000000,2015-08-28 10:00:00.000000
1078,94667,Nassau,2015-06-23 10:00:00.000000,2015-07-06 10:00:00.000000
1079,94654,Nassau,2015-06-19 10:00:00.000000,2015-07-17 10:00:00.000000
1081,95633,Nassau,2015-06-19 10:00:00.000000,2015-08-12 10:00:00.000000
1083,94664,Suffolk,2015-06-22 10:00:00.000000,2015-07-16 10:00:00.000000
1084,91279,Nassau,2015-06-17 10:00:00.000000,2015-07-06 10:00:00.000000
1085,94655,Suffolk,2015-06-12 10:00:00.000000,2015-06-23 10:00:00.000000
1086,94647,Suffolk,2015-06-23 10:00:00.000000,
1089,96772,Nassau,2015-06-24 10:00:00.000000,2015-07-24 10:00:00.000000
1090,96771,Suffolk,2015-06-19 10:00:00.000000,2015-07-15 10:00:00.000000
1091,98004,Suffolk,2015-06-17 10:00:00.000000,2015-06-24 10:00:00.000000
1092,94651,Suffolk,2015-06-17 10:00:00.000000,2015-07-09 10:00:00.000000
1093,89833,Suffolk,2015-06-16 10:00:00.000000,2015-07-22 10:00:00.000000
1094,98732,Suffolk,2015-06-19 10:00:00.000000,
1095,94658,Nassau,2015-06-26 10:00:00.000000,2015-07-06 10:00:00.000000
1096,92317,Nassau,2015-06-17 10:00:00.000000,2015-07-20 10:00:00.000000
1097,96391,Nassau,2015-06-17 10:00:00.000000,2015-07-20 10:00:00.000000
1099,99052,Nassau,2015-06-23 10:00:00.000000,2015-07-22 10:00:00.000000
1103,100283,Nassau,2015-06-26 10:00:00.000000,2015-07-06 10:00:00.000000
1104,100275,Nassau,2015-07-08 10:00:00.000000,2015-08-17 10:00:00.000000
1105,100306,Nassau,2015-06-26 10:00:00.000000,2015-07-22 10:00:00.000000
1106,100278,Suffolk,2015-06-23 10:00:00.000000,2015-07-16 10:00:00.000000
1107,100317,Nassau,2015-08-17 10:00:00.000000,2015-09-18 10:00:00.000000
1108,100284,Suffolk,2015-06-22 10:00:00.000000,2015-07-22 10:00:00.000000
1109,100287,Suffolk,2015-06-23 10:00:00.000000,2015-07-03 10:00:00.000000
1112,93515,Suffolk,2015-06-23 10:00:00.000000,2015-07-16 10:00:00.000000
1113,100309,Nassau,2015-07-01 10:00:00.000000,2015-07-20 10:00:00.000000
1114,100308,Nassau,2015-10-27 10:00:00.000000,2015-11-30 10:00:00.000000
1115,100298,Nassau,2015-06-24 10:00:00.000000,2015-07-22 10:00:00.000000
1116,100304,Suffolk,2015-07-14 10:00:00.000000,2015-08-13 10:00:00.000000
1117,100295,Nassau,2015-06-24 10:00:00.000000,2015-07-24 10:00:00.000000
1118,100307,Suffolk,2015-06-22 10:00:00.000000,2015-07-20 10:00:00.000000
1119,100323,Suffolk,2015-06-26 10:00:00.000000,2015-07-20 10:00:00.000000
1120,100320,Nassau,2015-07-08 10:00:00.000000,2015-08-17 10:00:00.000000
1122,100329,Nassau,2015-07-01 10:00:00.000000,2015-07-22 10:00:00.000000
1123,100325,Suffolk,2015-07-30 10:00:00.000000,2015-07-10 10:00:00.000000
1124,100330,Suffolk,2015-06-26 10:00:00.000000,2015-09-02 10:00:00.000000
1125,100333,Nassau,2015-06-26 10:00:00.000000,2015-07-22 10:00:00.000000
1126,100334,Nassau,2015-07-01 10:00:00.000000,2015-07-17 10:00:00.000000
1127,100300,Suffolk,2015-06-23 10:00:00.000000,2015-07-15 10:00:00.000000
1129,100331,Suffolk,2015-07-07 10:00:00.000000,2015-07-23 10:00:00.000000
1130,100338,Nassau,2015-09-11 10:00:00.000000,2015-09-29 10:00:00.000000
1132,100340,Suffolk,2015-06-29 10:00:00.000000,2015-07-10 10:00:00.000000
1133,100344,Suffolk,2015-07-16 10:00:00.000000,2015-07-23 10:00:00.000000
1135,100343,Suffolk,2015-07-09 10:00:00.000000,
1136,100332,Suffolk,2015-06-25 10:00:00.000000,2015-07-10 10:00:00.000000
1137,100339,Nassau,2015-07-15 10:00:00.000000,2015-08-28 10:00:00.000000
1140,100348,Suffolk,2015-06-29 10:00:00.000000,2015-07-24 10:00:00.000000
1141,100353,Nassau,2015-07-01 10:00:00.000000,2015-07-22 10:00:00.000000
1144,100314,Suffolk,2015-06-30 10:00:00.000000,2015-07-15 10:00:00.000000
1149,100361,Suffolk,2015-07-06 10:00:00.000000,2015-07-23 10:00:00.000000
1150,100367,Nassau,2016-01-27 10:00:00.000000,2016-02-09 10:00:00.000000
1152,100357,Nassau,2016-01-27 10:00:00.000000,2016-02-09 10:00:00.000000
1153,100352,Suffolk,2015-07-07 10:00:00.000000,2015-07-17 10:00:00.000000
1154,100290,Suffolk,2015-06-23 10:00:00.000000,2015-07-02 10:00:00.000000
1155,100311,Suffolk,2015-07-09 10:00:00.000000,2015-07-14 10:00:00.000000
1156,101072,Nassau,2015-07-08 10:00:00.000000,2015-08-17 10:00:00.000000
1157,101163,Nassau,2015-07-03 10:00:00.000000,2015-08-04 10:00:00.000000
1158,101311,Suffolk,2015-07-07 10:00:00.000000,
1160,100369,Nassau,2015-07-01 10:00:00.000000,2015-07-29 10:00:00.000000
1161,100606,Suffolk,2015-07-08 10:00:00.000000,
1163,101222,Suffolk,2015-07-10 10:00:00.000000,2015-07-31 10:00:00.000000
1165,101317,Suffolk,2015-08-11 10:00:00.000000,2015-08-20 10:00:00.000000
1166,101315,Suffolk,2015-07-07 10:00:00.000000,2015-07-24 10:00:00.000000
1172,101312,Nassau,2015-07-08 10:00:00.000000,2015-07-29 10:00:00.000000
1174,101339,Suffolk,2015-07-08 10:00:00.000000,2015-08-07 10:00:00.000000
1175,101336,Nassau,2015-07-08 10:00:00.000000,2015-08-12 10:00:00.000000
1176,100400,Suffolk,2015-07-09 10:00:00.000000,2015-08-07 10:00:00.000000
1177,101342,Nassau,2015-10-09 10:00:00.000000,2015-12-17 10:00:00.000000
1180,101340,Suffolk,2015-07-10 10:00:00.000000,2015-07-29 10:00:00.000000
1181,101408,Nassau,2015-07-15 10:00:00.000000,2015-09-04 10:00:00.000000
1182,101333,Suffolk,2015-07-20 10:00:00.000000,2015-08-07 10:00:00.000000
1184,101329,Nassau,2015-07-03 10:00:00.000000,2015-08-04 10:00:00.000000
1186,100313,Nassau,2015-07-13 10:00:00.000000,2015-07-29 10:00:00.000000
1188,101427,Nassau,2015-07-13 10:00:00.000000,2015-07-29 10:00:00.000000
1189,101420,Nassau,2015-07-13 10:00:00.000000,2015-07-29 10:00:00.000000
1191,101319,Suffolk,2015-07-14 10:00:00.000000,2015-09-11 10:00:00.000000
1196,101424,Suffolk,2015-07-13 10:00:00.000000,2015-08-05 10:00:00.000000
1200,101345,Suffolk,2015-07-14 10:00:00.000000,2015-08-13 10:00:00.000000
1202,101439,Suffolk,2015-07-10 10:00:00.000000,2015-07-29 10:00:00.000000
1203,101550,Suffolk,2015-07-14 10:00:00.000000,2015-08-13 10:00:00.000000
1205,101992,Nassau,2015-07-15 10:00:00.000000,2015-09-04 10:00:00.000000
1208,101411,Suffolk,2015-07-10 10:00:00.000000,2015-08-07 10:00:00.000000
1210,101547,Suffolk,2015-07-20 10:00:00.000000,2015-08-12 10:00:00.000000
1213,101406,Suffolk,2015-08-07 10:00:00.000000,2015-09-02 10:00:00.000000
1214,101335,Suffolk,2015-07-23 10:00:00.000000,2015-08-13 10:00:00.000000
1215,102590,Nassau,2015-07-15 10:00:00.000000,2015-08-04 10:00:00.000000
1216,87133,Suffolk,2015-07-13 10:00:00.000000,2015-08-06 10:00:00.000000
1217,102600,Nassau,2015-07-16 10:00:00.000000,2015-09-11 10:00:00.000000
1218,102087,Suffolk,2015-07-20 10:00:00.000000,2015-09-09 10:00:00.000000
1219,102587,Nassau,2015-07-15 10:00:00.000000,2015-09-04 10:00:00.000000
1221,102591,Suffolk,2015-07-24 10:00:00.000000,2015-08-12 10:00:00.000000
1222,76965,Nassau,2015-07-15 10:00:00.000000,2015-09-04 10:00:00.000000
1226,102596,Suffolk,2015-07-20 10:00:00.000000,2015-08-05 10:00:00.000000
1228,102597,Suffolk,2015-08-06 10:00:00.000000,2015-08-24 10:00:00.000000
1230,101344,Suffolk,2015-07-29 10:00:00.000000,2015-08-24 10:00:00.000000
1231,104027,Suffolk,2015-07-20 10:00:00.000000,2015-09-09 10:00:00.000000
1233,95399,Nassau,2015-07-15 10:00:00.000000,2015-08-28 10:00:00.000000
1234,104306,Suffolk,2015-08-07 10:00:00.000000,2015-09-15 10:00:00.000000
1236,104307,Nassau,2015-07-21 10:00:00.000000,2015-08-28 10:00:00.000000
1239,104321,Suffolk,2015-07-24 10:00:00.000000,2015-08-12 10:00:00.000000
1241,104613,Nassau,2015-07-21 10:00:00.000000,2015-08-28 10:00:00.000000
1242,104032,Nassau,2015-07-20 10:00:00.000000,2015-09-11 10:00:00.000000
1243,104315,Suffolk,2015-07-23 10:00:00.000000,2015-08-13 10:00:00.000000
1244,101548,Nassau,2015-07-15 10:00:00.000000,2015-07-29 10:00:00.000000
1245,106781,Nassau,2015-07-22 10:00:00.000000,2015-08-28 10:00:00.000000
1246,106428,Nassau,2015-07-22 10:00:00.000000,2015-09-11 10:00:00.000000
1247,104618,Suffolk,2015-08-25 10:00:00.000000,2015-09-22 10:00:00.000000
1248,104029,Suffolk,2015-07-31 10:00:00.000000,2015-08-19 10:00:00.000000
1252,101438,Suffolk,2015-07-13 10:00:00.000000,2015-07-31 10:00:00.000000
1255,107278,Nassau,2015-08-12 10:00:00.000000,2015-10-02 10:00:00.000000
1256,106458,Nassau,2015-07-29 10:00:00.000000,2015-08-28 10:00:00.000000
1259,104033,Nassau,2015-07-29 10:00:00.000000,2015-09-11 10:00:00.000000
1260,107811,Suffolk,2015-07-28 10:00:00.000000,2015-09-24 10:00:00.000000
1261,104310,Suffolk,2015-08-04 10:00:00.000000,2015-09-24 10:00:00.000000
1263,107806,Suffolk,2015-07-24 10:00:00.000000,2015-08-12 10:00:00.000000
1264,107810,Nassau,2015-07-24 10:00:00.000000,2015-07-29 10:00:00.000000
1265,107837,Suffolk,2015-08-14 10:00:00.000000,2015-09-02 10:00:00.000000
1266,104036,Suffolk,2015-08-14 10:00:00.000000,2015-09-02 10:00:00.000000
1267,104030,Nassau,2015-08-19 10:00:00.000000,2015-10-16 10:00:00.000000
1268,107337,Nassau,2015-12-09 10:00:00.000000,2016-01-13 10:00:00.000000
1269,107831,Suffolk,2015-07-27 10:00:00.000000,2015-08-17 10:00:00.000000
1270,107827,Suffolk,2015-07-27 10:00:00.000000,2015-09-15 10:00:00.000000
1271,104311,Nassau,2015-07-20 10:00:00.000000,2015-09-04 10:00:00.000000
1273,107830,Nassau,2015-07-22 10:00:00.000000,2015-09-11 10:00:00.000000
1274,78825,Suffolk,2015-07-23 10:00:00.000000,2015-07-27 10:00:00.000000
1275,107835,Nassau,2015-08-17 10:00:00.000000,2015-09-29 10:00:00.000000
1277,107847,Nassau,2015-07-29 10:00:00.000000,2015-09-11 10:00:00.000000
1282,105785,Nassau,2015-07-22 10:00:00.000000,2015-08-04 10:00:00.000000
1284,107838,Suffolk,2015-07-29 10:00:00.000000,2015-08-19 10:00:00.000000
1285,107816,Suffolk,2015-07-27 10:00:00.000000,2015-09-03 10:00:00.000000
1288,107814,Nassau,2015-08-07 10:00:00.000000,2015-08-28 10:00:00.000000
1289,91232,Suffolk,2015-07-27 10:00:00.000000,2015-08-17 10:00:00.000000
1291,107808,Suffolk,2015-07-31 10:00:00.000000,2015-09-24 10:00:00.000000
1292,107853,Suffolk,2015-08-25 10:00:00.000000,2015-09-25 10:00:00.000000
1293,107863,Nassau,2015-07-29 10:00:00.000000,2015-09-11 10:00:00.000000
1294,107809,Suffolk,2015-07-30 10:00:00.000000,2015-08-12 10:00:00.000000
1295,107879,Nassau,2015-07-29 10:00:00.000000,2015-09-11 10:00:00.000000
1297,107842,Suffolk,2015-07-28 10:00:00.000000,2015-08-24 10:00:00.000000
1298,109434,Nassau,2015-08-14 10:00:00.000000,2015-10-02 10:00:00.000000
1302,107859,Nassau,2015-07-29 10:00:00.000000,2015-08-28 10:00:00.000000
1303,102056,Suffolk,2016-02-24 10:00:00.000000,
1304,107819,Suffolk,2015-07-29 10:00:00.000000,2015-09-11 10:00:00.000000
1306,107874,Nassau,2015-07-31 10:00:00.000000,2015-08-12 10:00:00.000000
1308,107858,Suffolk,2015-07-28 10:00:00.000000,2015-08-24 10:00:00.000000
1309,107861,Suffolk,2015-08-07 10:00:00.000000,2015-09-24 10:00:00.000000
1310,91271,Suffolk,2015-08-05 10:00:00.000000,2015-09-17 10:00:00.000000
1313,111091,Suffolk,2015-08-05 10:00:00.000000,2015-09-24 10:00:00.000000
1314,100282,Suffolk,2015-10-20 10:00:00.000000,2015-11-18 10:00:00.000000
1315,107865,Nassau,2015-07-29 10:00:00.000000,2015-08-28 10:00:00.000000
1316,100279,Suffolk,2015-06-23 10:00:00.000000,2015-07-24 10:00:00.000000
1318,109999,Suffolk,2015-07-31 10:00:00.000000,2015-09-24 10:00:00.000000
1321,109323,Nassau,2015-08-12 10:00:00.000000,2015-10-27 10:00:00.000000
1322,109325,Nassau,2015-08-14 10:00:00.000000,2015-08-26 10:00:00.000000
1323,109435,Suffolk,2015-07-31 10:00:00.000000,2015-08-19 10:00:00.000000
1326,107829,Nassau,2015-08-12 10:00:00.000000,2015-10-02 10:00:00.000000
1327,109427,Nassau,2015-08-04 10:00:00.000000,2015-09-11 10:00:00.000000
1329,111085,Suffolk,2015-08-04 10:00:00.000000,2015-08-12 10:00:00.000000
1330,111088,Suffolk,2015-07-31 10:00:00.000000,2015-09-11 10:00:00.000000
1331,111084,Nassau,2015-08-19 10:00:00.000000,
1333,110840,Suffolk,2015-08-06 10:00:00.000000,2015-09-04 10:00:00.000000
1335,107880,Nassau,2015-08-04 10:00:00.000000,2015-09-11 10:00:00.000000
1337,109922,Suffolk,2015-11-16 10:00:00.000000,2015-12-10 10:00:00.000000
1338,111099,Nassau,2015-08-04 10:00:00.000000,2015-09-11 10:00:00.000000
1339,107872,Suffolk,2015-07-31 10:00:00.000000,2015-08-19 10:00:00.000000
1340,111096,Nassau,2015-09-04 10:00:00.000000,2015-10-09 10:00:00.000000
1341,100366,Nassau,2015-08-19 10:00:00.000000,2015-10-27 10:00:00.000000
1342,111107,Nassau,2015-08-28 10:00:00.000000,2015-10-09 10:00:00.000000
1343,111226,Suffolk,2015-08-03 10:00:00.000000,2016-01-08 10:00:00.000000
1344,111112,Nassau,2015-08-07 10:00:00.000000,2015-08-28 10:00:00.000000
1348,111100,Nassau,2015-08-12 10:00:00.000000,2015-08-28 10:00:00.000000
1349,111815,Nassau,2015-08-12 10:00:00.000000,2015-10-14 10:00:00.000000
1350,111195,Nassau,2015-08-21 10:00:00.000000,2015-09-29 10:00:00.000000
1351,111821,Nassau,2015-08-14 10:00:00.000000,2015-11-04 10:00:00.000000
1353,111595,Nassau,2015-08-14 10:00:00.000000,2015-10-02 10:00:00.000000
1354,111822,Suffolk,2015-10-29 10:00:00.000000,2015-11-19 10:00:00.000000
1355,111818,Suffolk,2015-08-10 10:00:00.000000,2015-09-24 10:00:00.000000
1357,111113,Suffolk,2015-08-10 10:00:00.000000,2015-09-24 10:00:00.000000
1358,111820,Nassau,2015-08-13 10:00:00.000000,2015-09-23 10:00:00.000000
1360,111809,Suffolk,2015-08-11 10:00:00.000000,2015-09-11 10:00:00.000000
1361,111827,Suffolk,2015-08-18 10:00:00.000000,2015-09-09 10:00:00.000000
1362,111829,Suffolk,2015-08-31 10:00:00.000000,2015-10-02 10:00:00.000000
1366,111168,Suffolk,2015-08-07 10:00:00.000000,2015-08-12 10:00:00.000000
1368,111143,Suffolk,2015-08-11 10:00:00.000000,2015-10-15 10:00:00.000000
1369,111819,Suffolk,2015-08-06 10:00:00.000000,2015-09-24 10:00:00.000000
1371,111234,Nassau,2015-08-12 10:00:00.000000,2015-08-19 10:00:00.000000
1374,111826,Nassau,2015-08-17 10:00:00.000000,2015-09-18 10:00:00.000000
1375,111223,Suffolk,2015-08-12 10:00:00.000000,2015-08-19 10:00:00.000000
1376,111959,Nassau,2015-08-12 10:00:00.000000,2015-08-19 10:00:00.000000
1377,111967,Nassau,2015-08-14 10:00:00.000000,2015-11-04 10:00:00.000000
1378,111836,Nassau,2015-08-14 10:00:00.000000,2015-10-02 10:00:00.000000
1381,111114,Suffolk,2015-08-11 10:00:00.000000,2015-10-15 10:00:00.000000
1385,111998,Suffolk,2015-08-10 10:00:00.000000,2015-09-09 10:00:00.000000
1386,111816,Nassau,2015-09-29 10:00:00.000000,2015-11-13 10:00:00.000000
1389,111225,Nassau,2015-08-19 10:00:00.000000,2015-10-27 10:00:00.000000
1390,112003,Suffolk,2015-08-21 10:00:00.000000,2015-09-11 10:00:00.000000
1391,111765,Suffolk,2015-08-19 10:00:00.000000,2015-08-25 10:00:00.000000
1394,112275,Nassau,2015-08-17 10:00:00.000000,2015-09-04 10:00:00.000000
1396,112339,Suffolk,2015-08-13 10:00:00.000000,2015-12-02 10:00:00.000000
1397,112326,Nassau,2015-08-17 10:00:00.000000,2015-09-29 10:00:00.000000
1398,111831,Nassau,2015-08-14 10:00:00.000000,2015-11-11 10:00:00.000000
1400,111835,Nassau,2015-08-14 10:00:00.000000,2015-08-26 10:00:00.000000
1408,101407,Suffolk,2015-08-25 10:00:00.000000,2015-10-07 10:00:00.000000
1410,112355,Nassau,2015-08-31 10:00:00.000000,2015-10-13 10:00:00.000000
1411,112341,Nassau,2015-08-17 10:00:00.000000,2015-09-18 10:00:00.000000
1412,112006,Suffolk,2015-08-25 10:00:00.000000,2015-09-11 10:00:00.000000
1413,112344,Suffolk,2015-08-18 10:00:00.000000,2015-10-08 10:00:00.000000
1414,111094,Nassau,2015-09-24 10:00:00.000000,2015-10-09 10:00:00.000000
1415,111825,Suffolk,2015-08-14 10:00:00.000000,2015-09-02 10:00:00.000000
1422,112332,Nassau,2015-08-19 10:00:00.000000,2015-10-13 10:00:00.000000
1423,112423,Suffolk,2015-09-10 10:00:00.000000,2015-10-22 10:00:00.000000
1425,112318,Suffolk,2015-08-18 10:00:00.000000,2015-10-08 10:00:00.000000
1427,112420,Suffolk,2015-08-19 10:00:00.000000,2015-10-14 10:00:00.000000
1429,112329,Suffolk,2015-08-19 10:00:00.000000,2015-09-02 10:00:00.000000
1432,112310,Suffolk,2015-08-14 10:00:00.000000,2015-09-02 10:00:00.000000
1433,112347,Suffolk,2015-08-21 10:00:00.000000,2015-09-28 10:00:00.000000
1438,112432,Suffolk,2015-08-17 10:00:00.000000,2015-09-09 10:00:00.000000
1440,111993,Suffolk,2015-10-22 10:00:00.000000,2015-12-09 10:00:00.000000
1441,112434,Suffolk,2015-08-21 10:00:00.000000,2015-10-22 10:00:00.000000
1442,112440,Nassau,2015-08-28 10:00:00.000000,2015-10-09 10:00:00.000000
1443,112433,Suffolk,2015-08-21 10:00:00.000000,2015-09-30 10:00:00.000000
1445,109437,Nassau,2015-08-27 10:00:00.000000,2015-11-04 10:00:00.000000
1446,112359,Nassau,2015-08-19 10:00:00.000000,2015-10-27 10:00:00.000000
1448,112515,Nassau,2015-08-28 10:00:00.000000,2015-10-15 10:00:00.000000
1449,112430,Suffolk,2015-08-17 10:00:00.000000,2015-09-02 10:00:00.000000
1451,101161,Suffolk,2015-09-10 10:00:00.000000,2015-10-22 10:00:00.000000
1452,112547,Nassau,2015-08-28 10:00:00.000000,2015-10-09 10:00:00.000000
1453,112539,Suffolk,2015-08-20 10:00:00.000000,2015-09-04 10:00:00.000000
1454,112007,Nassau,2015-08-27 10:00:00.000000,2015-10-20 10:00:00.000000
1455,112540,Suffolk,2015-08-21 10:00:00.000000,2015-09-22 10:00:00.000000
1457,112522,Nassau,2015-08-19 10:00:00.000000,2015-10-13 10:00:00.000000
1459,112544,Suffolk,2015-08-28 10:00:00.000000,2015-09-15 10:00:00.000000
1461,112580,Nassau,2015-08-28 10:00:00.000000,2015-10-15 10:00:00.000000
1462,112574,Suffolk,2015-08-21 10:00:00.000000,2015-09-25 10:00:00.000000
1463,102594,Suffolk,2015-07-27 10:00:00.000000,2015-08-17 10:00:00.000000
1465,112579,Nassau,2015-08-28 10:00:00.000000,2015-10-09 10:00:00.000000
1466,112541,Nassau,2015-10-07 10:00:00.000000,2015-11-06 10:00:00.000000
1467,112530,Suffolk,2015-08-25 10:00:00.000000,2015-09-22 10:00:00.000000
1468,112597,Suffolk,2015-11-02 10:00:00.000000,2015-12-03 10:00:00.000000
1473,112577,Suffolk,2015-09-09 10:00:00.000000,2015-10-20 10:00:00.000000
1480,112358,Nassau,2015-09-11 10:00:00.000000,
1481,112586,Nassau,2015-08-28 10:00:00.000000,2015-10-09 10:00:00.000000
1482,112614,Nassau,2015-08-28 10:00:00.000000,2015-09-18 10:00:00.000000
1483,112583,Nassau,2015-08-28 10:00:00.000000,2015-10-15 10:00:00.000000
1487,112520,Nassau,2015-08-27 10:00:00.000000,2015-09-04 10:00:00.000000
1489,112626,Suffolk,2015-08-21 10:00:00.000000,2015-09-25 10:00:00.000000
1490,112908,Suffolk,2016-01-26 10:00:00.000000,2016-02-05 10:00:00.000000
1491,112542,Suffolk,2015-08-31 10:00:00.000000,2015-09-22 10:00:00.000000
1493,113290,Suffolk,2015-08-31 10:00:00.000000,2015-10-15 10:00:00.000000
1495,112622,Suffolk,2015-09-10 10:00:00.000000,2015-09-17 10:00:00.000000
1497,112627,Suffolk,2015-08-28 10:00:00.000000,2015-09-15 10:00:00.000000
1498,112608,Suffolk,2015-09-25 10:00:00.000000,
1499,112621,Nassau,2015-09-04 10:00:00.000000,2015-10-15 10:00:00.000000
1501,112605,Nassau,2015-09-30 10:00:00.000000,2015-10-28 10:00:00.000000
1504,113296,Suffolk,2015-08-31 10:00:00.000000,2015-10-15 10:00:00.000000
1506,112603,Nassau,2015-09-30 10:00:00.000000,2015-12-02 10:00:00.000000
1507,113293,Nassau,2015-09-18 10:00:00.000000,2015-10-15 10:00:00.000000
1508,115307,Suffolk,2015-09-10 10:00:00.000000,2015-10-01 10:00:00.000000
1510,113285,Nassau,2015-08-27 10:00:00.000000,2015-10-20 10:00:00.000000
1512,112538,Suffolk,2015-09-10 10:00:00.000000,2015-09-17 10:00:00.000000
1514,113291,Nassau,2015-10-09 10:00:00.000000,2015-12-03 10:00:00.000000
1515,112617,Nassau,2015-09-11 10:00:00.000000,2015-09-23 10:00:00.000000
1516,113038,Suffolk,2015-10-15 10:00:00.000000,2015-12-09 10:00:00.000000
1517,113281,Nassau,2015-09-11 10:00:00.000000,2015-10-09 10:00:00.000000
1518,115597,Nassau,2015-08-28 10:00:00.000000,2015-10-15 10:00:00.000000
1519,115267,Nassau,2015-08-27 10:00:00.000000,2015-10-16 10:00:00.000000
1521,115638,Suffolk,2015-08-20 10:00:00.000000,2015-09-11 10:00:00.000000
1525,112518,Nassau,2015-09-09 10:00:00.000000,2015-10-27 10:00:00.000000
1528,115639,Nassau,2015-09-04 10:00:00.000000,2015-11-04 10:00:00.000000
1529,115588,Nassau,2015-09-04 10:00:00.000000,2015-09-18 10:00:00.000000
1530,89818,Suffolk,2015-09-14 10:00:00.000000,2015-09-17 10:00:00.000000
1531,112623,Suffolk,2015-08-25 10:00:00.000000,2015-09-17 10:00:00.000000
1532,115590,Nassau,2015-10-30 10:00:00.000000,2015-12-17 10:00:00.000000
1534,115599,Nassau,2015-09-11 10:00:00.000000,2015-09-29 10:00:00.000000
1535,115640,Nassau,2015-09-04 10:00:00.000000,2015-10-09 10:00:00.000000
1538,115601,Suffolk,2015-10-02 10:00:00.000000,2015-10-23 10:00:00.000000
1539,115650,Suffolk,2015-09-11 10:00:00.000000,2015-10-22 10:00:00.000000
1540,115607,Suffolk,2015-10-06 10:00:00.000000,2015-11-13 10:00:00.000000
1542,115671,Suffolk,2015-09-02 10:00:00.000000,2016-01-05 10:00:00.000000
1543,115659,Suffolk,2015-09-10 10:00:00.000000,2015-10-09 10:00:00.000000
1549,115653,Suffolk,2015-09-09 10:00:00.000000,2015-09-22 10:00:00.000000
1551,115674,Suffolk,2015-09-14 10:00:00.000000,2015-09-17 10:00:00.000000
1554,115986,Nassau,2015-10-09 10:00:00.000000,2015-12-09 10:00:00.000000
1556,116001,Suffolk,2015-09-09 10:00:00.000000,2015-10-02 10:00:00.000000
1560,116003,Nassau,2015-09-11 10:00:00.000000,2015-10-09 10:00:00.000000
1562,116004,Suffolk,2015-09-17 10:00:00.000000,2015-10-28 10:00:00.000000
1563,115995,Nassau,2015-09-11 10:00:00.000000,2015-09-29 10:00:00.000000
1566,115994,Nassau,2015-09-04 10:00:00.000000,2015-10-09 10:00:00.000000
1567,115673,Suffolk,2015-11-06 10:00:00.000000,2015-11-16 10:00:00.000000
1568,116008,Nassau,2015-09-09 10:00:00.000000,2015-11-04 10:00:00.000000
1569,116253,Suffolk,2015-09-10 10:00:00.000000,2015-09-17 10:00:00.000000
1570,116284,Suffolk,2015-09-10 10:00:00.000000,2015-10-01 10:00:00.000000
1571,116254,Suffolk,2015-09-18 10:00:00.000000,2015-09-24 10:00:00.000000
1574,115680,Suffolk,2015-10-22 10:00:00.000000,2015-12-11 10:00:00.000000
1577,116282,Suffolk,2015-09-10 10:00:00.000000,2015-10-22 10:00:00.000000
1578,116285,Suffolk,2015-09-17 10:00:00.000000,2015-10-28 10:00:00.000000
1582,115984,Suffolk,2015-09-10 10:00:00.000000,2015-12-15 10:00:00.000000
1583,116674,Suffolk,2015-09-11 10:00:00.000000,2015-09-25 10:00:00.000000
1587,117951,Suffolk,2015-09-17 10:00:00.000000,2015-10-30 10:00:00.000000
1590,116286,Suffolk,2015-09-18 10:00:00.000000,2015-09-25 10:00:00.000000
1591,112367,Nassau,2015-09-18 10:00:00.000000,2015-11-06 10:00:00.000000
1592,117960,Suffolk,2015-09-29 10:00:00.000000,2015-10-22 10:00:00.000000
1593,116670,Suffolk,2015-09-11 10:00:00.000000,2015-09-24 10:00:00.000000
1594,115992,Suffolk,2015-09-14 10:00:00.000000,2015-09-24 10:00:00.000000
1595,117955,Suffolk,2015-09-18 10:00:00.000000,
1596,117954,Nassau,2015-09-18 10:00:00.000000,2015-10-09 10:00:00.000000
1598,116671,Suffolk,2015-09-11 10:00:00.000000,2015-09-24 10:00:00.000000
1599,116669,Nassau,2015-09-18 10:00:00.000000,2015-10-15 10:00:00.000000
1601,117956,Nassau,2015-09-18 10:00:00.000000,2015-10-15 10:00:00.000000
1602,117963,Suffolk,2015-11-16 10:00:00.000000,2015-11-23 10:00:00.000000
1603,117946,Nassau,2015-09-30 10:00:00.000000,2015-10-30 10:00:00.000000
1606,117977,Suffolk,2015-09-17 10:00:00.000000,2015-10-09 10:00:00.000000
1607,112000,Suffolk,2015-09-10 10:00:00.000000,2015-10-22 10:00:00.000000
1610,116665,Suffolk,2015-09-18 10:00:00.000000,2015-10-15 10:00:00.000000
1612,117988,Nassau,2015-09-17 10:00:00.000000,2015-09-22 10:00:00.000000
1613,117980,Suffolk,2015-09-17 10:00:00.000000,2015-10-09 10:00:00.000000
1614,116668,Nassau,2015-10-16 10:00:00.000000,2015-12-02 10:00:00.000000
1616,118112,Suffolk,2015-09-22 10:00:00.000000,2015-10-15 10:00:00.000000
1618,118125,Suffolk,2015-10-14 10:00:00.000000,2015-11-02 10:00:00.000000
1620,117985,Suffolk,2015-09-18 10:00:00.000000,2015-10-09 10:00:00.000000
1621,116289,Suffolk,2015-09-18 10:00:00.000000,2015-09-25 10:00:00.000000
1622,117983,Suffolk,2015-09-18 10:00:00.000000,2015-09-28 10:00:00.000000
1623,118152,Suffolk,2015-09-25 10:00:00.000000,2015-10-21 10:00:00.000000
1625,118156,Nassau,2015-09-28 10:00:00.000000,2015-11-06 10:00:00.000000
1626,118134,Nassau,2015-09-18 10:00:00.000000,2015-10-09 10:00:00.000000
1627,118132,Suffolk,2015-09-18 10:00:00.000000,2015-10-13 10:00:00.000000
1628,118124,Nassau,2015-09-30 10:00:00.000000,2015-12-17 10:00:00.000000
1629,117976,Suffolk,2015-09-21 10:00:00.000000,2015-10-13 10:00:00.000000
1630,117964,Suffolk,2015-09-24 10:00:00.000000,2015-11-18 10:00:00.000000
1631,118167,Suffolk,2015-09-25 10:00:00.000000,2015-11-23 10:00:00.000000
1636,118149,Suffolk,2015-09-25 10:00:00.000000,2015-10-21 10:00:00.000000
1637,117989,Suffolk,2015-09-22 10:00:00.000000,2015-10-19 10:00:00.000000
1638,118154,Suffolk,2015-09-25 10:00:00.000000,2015-11-10 10:00:00.000000
1640,118163,Suffolk,2015-09-24 10:00:00.000000,2015-11-18 10:00:00.000000
1642,118169,Suffolk,2015-11-17 10:00:00.000000,2015-12-18 10:00:00.000000
1643,118173,Suffolk,2015-10-01 10:00:00.000000,2015-10-07 10:00:00.000000
1644,118187,Nassau,2015-10-07 10:00:00.000000,2015-11-06 10:00:00.000000
1646,117975,Suffolk,2015-10-01 10:00:00.000000,2015-10-08 10:00:00.000000
1648,118164,Nassau,2015-09-24 10:00:00.000000,2015-10-09 10:00:00.000000
1650,107483,Suffolk,2015-09-29 10:00:00.000000,2015-11-18 10:00:00.000000
1652,118192,Suffolk,2015-10-05 10:00:00.000000,2015-10-27 10:00:00.000000
1653,115666,Nassau,2015-09-18 10:00:00.000000,2015-10-15 10:00:00.000000
1654,112543,Nassau,2015-10-07 10:00:00.000000,2015-11-06 10:00:00.000000
1655,118161,Suffolk,2015-09-21 10:00:00.000000,2015-10-14 10:00:00.000000
1656,118201,Nassau,2015-09-29 10:00:00.000000,2015-10-15 10:00:00.000000
1658,118175,Suffolk,2015-09-25 10:00:00.000000,
1661,115672,Suffolk,2015-10-08 10:00:00.000000,2015-10-21 10:00:00.000000
1662,118202,Suffolk,2015-10-01 10:00:00.000000,2015-10-23 10:00:00.000000
1663,118176,Suffolk,2015-09-25 10:00:00.000000,2015-10-06 10:00:00.000000
1664,118218,Suffolk,2015-10-13 10:00:00.000000,2015-10-23 10:00:00.000000
1665,118217,Nassau,2015-09-29 10:00:00.000000,2015-11-30 10:00:00.000000
1669,118216,Nassau,2015-09-30 10:00:00.000000,2016-02-18 10:00:00.000000
1670,118210,Nassau,2015-09-28 10:00:00.000000,2015-11-06 10:00:00.000000
1672,118200,Suffolk,2015-09-30 10:00:00.000000,2015-10-06 10:00:00.000000
1673,118212,Nassau,2015-10-07 10:00:00.000000,2015-12-08 10:00:00.000000
1674,118208,Suffolk,2015-09-30 10:00:00.000000,2015-10-06 10:00:00.000000
1676,118215,Nassau,2015-10-13 10:00:00.000000,2015-12-02 10:00:00.000000
1677,118665,Nassau,2015-09-30 10:00:00.000000,2015-12-17 10:00:00.000000
1687,118198,Suffolk,2015-09-30 10:00:00.000000,2015-10-23 10:00:00.000000
1688,118727,Nassau,2015-10-16 10:00:00.000000,2015-12-17 10:00:00.000000
1690,118194,Suffolk,2015-10-08 10:00:00.000000,2015-12-02 10:00:00.000000
1696,118736,Suffolk,2015-11-16 10:00:00.000000,2015-11-23 10:00:00.000000
1697,102631,Suffolk,2015-09-30 10:00:00.000000,2015-11-10 10:00:00.000000
1698,118660,Suffolk,2015-10-21 10:00:00.000000,2015-11-09 10:00:00.000000
1701,107826,Nassau,2015-08-04 10:00:00.000000,2015-09-11 10:00:00.000000
1702,118830,Nassau,2015-10-07 10:00:00.000000,2015-12-08 10:00:00.000000
1703,118831,Nassau,2015-10-07 10:00:00.000000,2015-11-06 10:00:00.000000
1704,118833,Nassau,2015-11-06 10:00:00.000000,2016-01-13 10:00:00.000000
1706,118666,Suffolk,2015-10-26 10:00:00.000000,2015-11-06 10:00:00.000000
1708,119303,Suffolk,2015-10-14 10:00:00.000000,2016-02-01 10:00:00.000000
1709,118835,Suffolk,2015-10-09 10:00:00.000000,2015-12-04 10:00:00.000000
1710,119243,Nassau,2015-10-07 10:00:00.000000,2015-11-30 10:00:00.000000
1713,118821,Suffolk,2015-10-06 10:00:00.000000,2015-11-13 10:00:00.000000
1720,120241,Suffolk,2015-10-21 10:00:00.000000,2015-12-04 10:00:00.000000
1725,119302,Nassau,2016-01-27 10:00:00.000000,2016-02-09 10:00:00.000000
1726,120254,Suffolk,2015-10-09 10:00:00.000000,2015-10-29 10:00:00.000000
1727,120300,Suffolk,2015-10-19 10:00:00.000000,2015-11-12 10:00:00.000000
1728,120259,Suffolk,2015-10-09 10:00:00.000000,2015-10-30 10:00:00.000000
1729,120021,Suffolk,2015-10-14 10:00:00.000000,2015-10-30 10:00:00.000000
1730,120285,Suffolk,2015-10-15 10:00:00.000000,2015-11-12 10:00:00.000000
1731,120292,Nassau,2015-10-16 10:00:00.000000,2015-12-02 10:00:00.000000
1732,120301,Nassau,2015-10-14 10:00:00.000000,2015-11-30 10:00:00.000000
1734,120574,Suffolk,2015-10-22 10:00:00.000000,2015-10-30 10:00:00.000000
1736,120302,Nassau,2015-10-20 10:00:00.000000,2016-01-14 10:00:00.000000
1738,119842,Suffolk,2015-10-19 10:00:00.000000,2015-12-09 10:00:00.000000
1739,118658,Nassau,2015-10-20 10:00:00.000000,2015-11-30 10:00:00.000000
1741,119305,Suffolk,2015-10-30 10:00:00.000000,2015-12-04 10:00:00.000000
1742,120591,Suffolk,2015-10-19 10:00:00.000000,2015-11-12 10:00:00.000000
1743,120592,Suffolk,2015-10-22 10:00:00.000000,2015-12-04 10:00:00.000000
1745,120594,Suffolk,2015-10-16 10:00:00.000000,2015-11-02 10:00:00.000000
1750,102630,Nassau,2015-10-09 10:00:00.000000,2015-11-30 10:00:00.000000
1753,120610,Nassau,2015-10-16 10:00:00.000000,2015-11-30 10:00:00.000000
1754,120597,Suffolk,2015-10-22 10:00:00.000000,2015-12-11 10:00:00.000000
1755,120609,Suffolk,2015-10-26 10:00:00.000000,2015-12-04 10:00:00.000000
1757,120598,Nassau,2015-10-23 10:00:00.000000,2015-12-02 10:00:00.000000
1758,120619,Nassau,2015-10-21 10:00:00.000000,2016-01-26 10:00:00.000000
1759,120611,Nassau,2015-10-27 10:00:00.000000,2015-11-30 10:00:00.000000
1760,77126,Suffolk,2025-05-04 10:00:00.000000,
1761,73684,Suffolk,2014-12-03 10:00:00.000000,
1780,68731,Suffolk,2014-06-12 10:00:00.000000,
1858,76561,Suffolk,2015-01-29 10:00:00.000000,
1859,120631,Suffolk,2015-10-22 10:00:00.000000,2015-12-02 10:00:00.000000
1860,120638,Suffolk,2015-10-22 10:00:00.000000,2015-12-02 10:00:00.000000
1862,120643,Nassau,2015-11-24 10:00:00.000000,2015-11-30 10:00:00.000000
1864,120646,Suffolk,2015-10-22 10:00:00.000000,2015-12-11 10:00:00.000000
1871,120831,Suffolk,2015-11-17 10:00:00.000000,2015-11-24 10:00:00.000000
1872,120627,Suffolk,2015-11-05 10:00:00.000000,2015-11-24 10:00:00.000000
1873,120641,Suffolk,2015-11-17 10:00:00.000000,2015-12-08 10:00:00.000000
1875,120622,Suffolk,2015-10-30 10:00:00.000000,2015-12-04 10:00:00.000000
1876,120585,Suffolk,2015-10-16 10:00:00.000000,2015-10-30 10:00:00.000000
1877,120614,Suffolk,2015-10-22 10:00:00.000000,2015-12-14 10:00:00.000000
1878,120628,Suffolk,2015-10-27 10:00:00.000000,2015-11-24 10:00:00.000000
1879,120998,Nassau,2015-11-24 10:00:00.000000,2016-01-13 10:00:00.000000
1882,120995,Nassau,2015-10-30 10:00:00.000000,2015-12-17 10:00:00.000000
1887,115669,Nassau,2015-10-04 10:00:00.000000,2015-10-15 10:00:00.000000
1888,120289,Nassau,2015-10-20 10:00:00.000000,2015-12-08 10:00:00.000000
1890,121025,Suffolk,2015-10-26 10:00:00.000000,2015-12-01 10:00:00.000000
1892,121027,Suffolk,2015-11-17 10:00:00.000000,2016-01-11 10:00:00.000000
1893,121031,Nassau,2015-10-28 10:00:00.000000,2015-12-02 10:00:00.000000
1894,121028,Nassau,2015-10-28 10:00:00.000000,2015-12-17 10:00:00.000000
1898,121032,Suffolk,2015-10-28 10:00:00.000000,2015-11-23 10:00:00.000000
1899,121044,Suffolk,2015-10-26 10:00:00.000000,2015-11-09 10:00:00.000000
1900,121035,Nassau,2015-11-13 10:00:00.000000,2016-01-26 10:00:00.000000
1901,121055,Suffolk,2015-10-28 10:00:00.000000,
1904,121034,Suffolk,2015-10-27 10:00:00.000000,2015-11-02 10:00:00.000000
1906,121039,Nassau,2015-10-27 10:00:00.000000,2015-11-27 10:00:00.000000
1907,121047,Suffolk,2015-11-03 10:00:00.000000,2015-11-19 10:00:00.000000
1908,121052,Suffolk,2015-11-03 10:00:00.000000,2015-11-19 10:00:00.000000
1910,121083,Suffolk,2015-11-18 10:00:00.000000,2016-01-29 10:00:00.000000
1912,121150,Nassau,2015-11-13 10:00:00.000000,2016-01-13 10:00:00.000000
1913,121061,Suffolk,2015-10-28 10:00:00.000000,2015-11-18 10:00:00.000000
1914,121042,Suffolk,2015-11-06 10:00:00.000000,2015-11-16 10:00:00.000000
1919,121058,Suffolk,2015-10-30 10:00:00.000000,2016-01-06 10:00:00.000000
1921,121161,Suffolk,2015-10-26 10:00:00.000000,2015-11-10 10:00:00.000000
1924,121099,Suffolk,2015-10-28 10:00:00.000000,
1925,121037,Suffolk,2015-10-28 10:00:00.000000,2016-01-06 10:00:00.000000
1929,121296,Nassau,2015-11-13 10:00:00.000000,2016-01-13 10:00:00.000000
1932,121302,Suffolk,2015-11-09 10:00:00.000000,2015-12-18 10:00:00.000000
1933,121305,Nassau,2015-11-04 10:00:00.000000,2015-12-09 10:00:00.000000
1934,121287,Nassau,2015-11-24 10:00:00.000000,2015-12-01 10:00:00.000000
1935,121307,Nassau,2015-11-24 10:00:00.000000,2015-11-30 10:00:00.000000
1936,73041,Suffolk,2015-11-02 10:00:00.000000,
1937,121212,Nassau,2015-12-17 10:00:00.000000,2016-01-13 10:00:00.000000
1938,121286,Nassau,2015-11-04 10:00:00.000000,2016-01-13 10:00:00.000000
1939,121165,Nassau,2015-11-04 10:00:00.000000,2015-12-02 10:00:00.000000
1940,121306,Nassau,2015-11-04 10:00:00.000000,2015-12-09 10:00:00.000000
1944,121295,Nassau,2015-11-04 10:00:00.000000,2015-12-09 10:00:00.000000
1945,121346,Suffolk,2015-11-17 10:00:00.000000,2016-01-11 10:00:00.000000
1947,121309,Nassau,2015-12-17 10:00:00.000000,2016-01-13 10:00:00.000000
1949,121308,Nassau,2015-11-04 10:00:00.000000,2016-01-22 10:00:00.000000
1950,121290,Suffolk,2015-11-05 10:00:00.000000,2015-11-16 10:00:00.000000
1951,121330,Nassau,2015-11-06 10:00:00.000000,2016-01-13 10:00:00.000000
1952,121362,Suffolk,2015-11-06 10:00:00.000000,2015-11-16 10:00:00.000000
1955,121365,Nassau,2016-02-19 10:00:00.000000,
1956,78820,Suffolk,2015-11-09 10:00:00.000000,
1957,121367,Suffolk,2015-11-09 10:00:00.000000,2015-12-01 10:00:00.000000
1961,121378,Suffolk,2015-12-04 10:00:00.000000,2016-02-26 10:00:00.000000
1962,121410,Nassau,2015-11-06 10:00:00.000000,2015-12-02 10:00:00.000000
1964,121369,Suffolk,2015-11-10 10:00:00.000000,2015-12-14 10:00:00.000000
1967,121411,Suffolk,2015-11-17 10:00:00.000000,2015-11-24 10:00:00.000000
1969,121419,Nassau,2015-11-13 10:00:00.000000,2016-01-13 10:00:00.000000
1970,118826,Nassau,2015-12-09 10:00:00.000000,
1972,121426,Nassau,2015-11-13 10:00:00.000000,2016-01-13 10:00:00.000000
1973,121424,Nassau,2015-12-10 10:00:00.000000,2016-02-04 10:00:00.000000
1977,121427,Suffolk,2015-11-16 10:00:00.000000,2016-01-05 10:00:00.000000
1979,118159,Suffolk,2015-11-10 10:00:00.000000,2015-12-02 10:00:00.000000
1981,121428,Suffolk,2015-11-12 10:00:00.000000,2015-12-18 10:00:00.000000
1985,121499,Nassau,2015-11-16 10:00:00.000000,2016-01-13 10:00:00.000000
1987,121312,Nassau,2015-12-02 10:00:00.000000,2016-01-26 10:00:00.000000
1988,121492,Suffolk,2015-11-16 10:00:00.000000,2015-12-18 10:00:00.000000
1989,121484,Suffolk,2015-11-13 10:00:00.000000,2015-12-18 10:00:00.000000
1994,95280,Suffolk,2015-11-12 10:00:00.000000,2015-12-08 10:00:00.000000
1996,121516,Suffolk,2015-11-18 10:00:00.000000,2016-02-08 10:00:00.000000
1997,121525,Nassau,2015-11-30 10:00:00.000000,2015-12-10 10:00:00.000000
1999,121563,Nassau,2015-11-24 10:00:00.000000,2015-12-01 10:00:00.000000
2000,121413,Nassau,2015-12-02 10:00:00.000000,2016-01-13 10:00:00.000000
2001,121527,Nassau,2015-12-17 10:00:00.000000,2016-01-07 10:00:00.000000
2002,121566,Suffolk,2015-11-18 10:00:00.000000,
2003,121453,Nassau,2015-12-09 10:00:00.000000,
2004,121557,Suffolk,2015-11-20 10:00:00.000000,2016-01-05 10:00:00.000000
2007,121579,Nassau,2015-12-02 10:00:00.000000,2016-01-13 10:00:00.000000
2008,121661,Suffolk,2015-11-24 10:00:00.000000,2015-12-01 10:00:00.000000
2009,121672,Suffolk,2015-11-24 10:00:00.000000,2016-02-10 10:00:00.000000
2010,121669,Nassau,2015-12-11 10:00:00.000000,2016-02-24 10:00:00.000000
2011,121598,Nassau,2015-12-02 10:00:00.000000,2016-01-22 10:00:00.000000
2012,120288,Suffolk,2015-11-24 10:00:00.000000,2016-01-05 10:00:00.000000
2013,121673,Suffolk,2015-11-24 10:00:00.000000,2016-01-05 10:00:00.000000
2014,121587,Suffolk,2015-11-25 10:00:00.000000,2016-02-10 10:00:00.000000
2015,121695,Nassau,2015-12-02 10:00:00.000000,2016-01-13 10:00:00.000000
2016,121667,Suffolk,2015-12-01 10:00:00.000000,2016-02-10 10:00:00.000000
2017,121659,Suffolk,2016-01-19 10:00:00.000000,
2018,121693,Suffolk,2015-12-01 10:00:00.000000,2015-12-08 10:00:00.000000
2019,121734,Suffolk,2015-12-04 10:00:00.000000,2016-02-02 10:00:00.000000
2020,121750,Suffolk,2015-12-01 10:00:00.000000,2016-02-08 10:00:00.000000
2021,121732,Suffolk,2015-12-01 10:00:00.000000,2016-01-15 10:00:00.000000
2022,121726,Nassau,2015-12-09 10:00:00.000000,2016-01-13 10:00:00.000000
2023,121687,Nassau,2015-12-02 10:00:00.000000,2016-01-06 10:00:00.000000
2024,121730,Suffolk,2015-12-01 10:00:00.000000,2016-02-08 10:00:00.000000
2025,121714,Suffolk,2015-12-01 10:00:00.000000,
2026,121737,Nassau,2015-12-02 10:00:00.000000,2016-01-13 10:00:00.000000
2027,121692,Suffolk,2015-12-04 10:00:00.000000,2016-02-26 10:00:00.000000
2028,121569,Nassau,2015-12-02 10:00:00.000000,2016-01-13 10:00:00.000000
2029,121675,Suffolk,2015-12-04 10:00:00.000000,2016-01-26 10:00:00.000000
2030,121664,Nassau,2015-12-10 10:00:00.000000,2016-01-19 10:00:00.000000
2031,121755,Nassau,2016-01-27 10:00:00.000000,2016-02-09 10:00:00.000000
2032,121409,Suffolk,2015-12-02 10:00:00.000000,2015-12-08 10:00:00.000000
2033,121767,Suffolk,2015-12-04 10:00:00.000000,2016-02-26 10:00:00.000000
2035,121694,Suffolk,2015-12-03 10:00:00.000000,2016-01-05 10:00:00.000000
2036,121752,Suffolk,2015-12-07 10:00:00.000000,
2038,121756,Suffolk,2015-12-09 10:00:00.000000,2016-01-11 10:00:00.000000
2039,121718,Nassau,2015-12-09 10:00:00.000000,2016-01-13 10:00:00.000000
2040,121771,Nassau,2015-12-17 10:00:00.000000,2016-01-13 10:00:00.000000
2042,121567,Suffolk,2016-01-14 10:00:00.000000,2016-01-25 10:00:00.000000
2043,121748,Suffolk,2015-12-08 10:00:00.000000,2016-01-29 10:00:00.000000
2044,121775,Suffolk,2015-12-08 10:00:00.000000,2016-02-08 10:00:00.000000
2045,121758,Nassau,2016-01-13 10:00:00.000000,2016-02-03 10:00:00.000000
2047,121827,Nassau,2015-12-09 10:00:00.000000,2016-01-13 10:00:00.000000
2048,121751,Suffolk,2015-12-14 10:00:00.000000,2016-01-06 10:00:00.000000
2049,121340,Suffolk,2015-12-10 10:00:00.000000,2015-12-10 10:00:00.000000
2050,121768,Suffolk,2015-12-18 10:00:00.000000,2016-01-26 10:00:00.000000
2051,121498,Suffolk,2015-12-17 10:00:00.000000,
2053,121777,Nassau,2016-01-06 10:00:00.000000,2016-02-09 10:00:00.000000
2055,121578,Suffolk,2015-12-10 10:00:00.000000,
2059,121781,Nassau,2015-12-10 10:00:00.000000,2016-02-03 10:00:00.000000
2060,121826,Suffolk,2016-01-28 10:00:00.000000,
2061,121773,Suffolk,2015-12-10 10:00:00.000000,2016-01-12 10:00:00.000000
2062,121717,Suffolk,2015-12-14 10:00:00.000000,2016-01-07 10:00:00.000000
2063,121910,Nassau,2015-12-17 10:00:00.000000,2016-01-13 10:00:00.000000
2064,121764,Suffolk,2015-12-14 10:00:00.000000,2016-02-26 10:00:00.000000
2065,121893,Suffolk,2015-12-14 10:00:00.000000,
2066,121891,Suffolk,2016-01-19 10:00:00.000000,2016-02-24 10:00:00.000000
2067,121889,Suffolk,2016-01-07 10:00:00.000000,2016-01-15 10:00:00.000000
2068,121713,Nassau,2016-01-06 10:00:00.000000,2016-02-09 10:00:00.000000
2069,121824,Suffolk,2016-01-07 10:00:00.000000,2016-01-22 10:00:00.000000
2070,121937,Suffolk,2015-12-16 10:00:00.000000,2016-02-08 10:00:00.000000
2071,121935,Suffolk,2015-12-18 10:00:00.000000,2016-02-24 10:00:00.000000
2072,121950,Suffolk,2015-12-16 10:00:00.000000,2016-01-14 10:00:00.000000
2073,121763,Suffolk,2016-02-10 10:00:00.000000,
2074,121911,Suffolk,2015-12-17 10:00:00.000000,2016-01-13 10:00:00.000000
2075,121954,Suffolk,2015-12-18 10:00:00.000000,
2078,121951,Suffolk,2015-12-18 10:00:00.000000,2016-02-09 10:00:00.000000
2079,121949,Suffolk,2015-12-16 10:00:00.000000,
2083,121967,Nassau,2016-01-08 10:00:00.000000,2016-02-02 10:00:00.000000
2084,121990,Suffolk,2016-02-02 10:00:00.000000,2016-03-01 10:00:00.000000
2085,121987,Nassau,2016-01-22 10:00:00.000000,
2086,121989,Suffolk,2015-12-16 10:00:00.000000,2016-02-09 10:00:00.000000
2087,121909,Suffolk,2016-01-07 10:00:00.000000,
2088,121801,Suffolk,2015-12-17 10:00:00.000000,2015-12-17 10:00:00.000000
2090,121983,Suffolk,2016-01-06 10:00:00.000000,
2096,121999,Suffolk,2016-01-12 10:00:00.000000,2016-03-01 10:00:00.000000
2097,122001,Suffolk,2016-01-19 10:00:00.000000,
2100,121665,Nassau,2015-12-17 10:00:00.000000,2016-01-13 10:00:00.000000
2101,122010,Suffolk,2016-01-11 10:00:00.000000,
2102,122016,Suffolk,2016-01-11 10:00:00.000000,
2104,121564,Suffolk,2016-01-07 10:00:00.000000,2016-01-19 10:00:00.000000
2105,122021,Suffolk,2016-01-12 10:00:00.000000,2016-02-29 10:00:00.000000
2106,122019,Nassau,2016-01-13 10:00:00.000000,2016-02-09 10:00:00.000000
2107,122012,Suffolk,2016-01-12 10:00:00.000000,2016-01-26 10:00:00.000000
2108,122020,Suffolk,2016-01-12 10:00:00.000000,2016-03-01 10:00:00.000000
2109,122062,Nassau,2016-01-20 10:00:00.000000,
2111,122005,Nassau,2016-01-27 10:00:00.000000,2016-02-09 10:00:00.000000
2112,122008,Suffolk,2016-01-13 10:00:00.000000,
2116,121584,Nassau,2016-01-20 10:00:00.000000,
2117,122068,Suffolk,2016-01-15 10:00:00.000000,2016-02-24 10:00:00.000000
2118,122179,Suffolk,2016-01-19 10:00:00.000000,
2119,122059,Suffolk,2016-02-01 10:00:00.000000,2016-02-08 10:00:00.000000
2120,122167,Suffolk,2016-01-22 10:00:00.000000,2016-02-03 10:00:00.000000
2122,122177,Nassau,2016-01-27 10:00:00.000000,
2123,122176,Nassau,2016-01-20 10:00:00.000000,2016-02-16 10:00:00.000000
2125,122183,Suffolk,2016-01-26 10:00:00.000000,2016-01-29 10:00:00.000000
2126,122191,Nassau,2016-02-26 10:00:00.000000,
2128,122184,Nassau,2016-01-20 10:00:00.000000,2016-01-26 10:00:00.000000
2130,122166,Suffolk,2016-01-19 10:00:00.000000,2016-02-24 10:00:00.000000
2131,122287,Suffolk,2016-01-21 10:00:00.000000,
2132,122281,Suffolk,2016-01-25 10:00:00.000000,2016-02-29 10:00:00.000000
2135,122407,Suffolk,2016-01-26 10:00:00.000000,2016-02-04 10:00:00.000000
2136,122071,Suffolk,2016-01-22 10:00:00.000000,
2137,122189,Suffolk,2016-01-19 10:00:00.000000,
2139,122398,Nassau,2016-01-27 10:00:00.000000,
2140,122298,Suffolk,2016-01-26 10:00:00.000000,2016-02-08 10:00:00.000000
2143,122377,Suffolk,2016-01-26 10:00:00.000000,2016-02-08 10:00:00.000000
2144,122412,Suffolk,2016-02-08 10:00:00.000000,2016-02-19 10:00:00.000000
2146,122399,Nassau,2016-01-29 10:00:00.000000,
2148,122380,Nassau,2016-01-27 10:00:00.000000,2016-02-22 10:00:00.000000
2151,122411,Nassau,2016-02-03 10:00:00.000000,
2152,122240,Suffolk,2016-02-12 10:00:00.000000,
2154,122410,Suffolk,2016-01-25 10:00:00.000000,
2160,122481,Suffolk,2016-02-09 10:00:00.000000,
2161,122484,Nassau,2016-01-27 10:00:00.000000,
2166,122525,Nassau,2016-02-03 10:00:00.000000,
2167,122527,Nassau,2016-01-29 10:00:00.000000,
2168,122540,Suffolk,2016-02-02 10:00:00.000000,
2171,122577,Suffolk,2016-02-12 10:00:00.000000,
2172,122381,Nassau,2016-02-16 10:00:00.000000,
2175,122518,Suffolk,2016-01-29 10:00:00.000000,2016-02-05 10:00:00.000000
2180,122487,Suffolk,2016-01-29 10:00:00.000000,2016-02-11 10:00:00.000000
2182,122588,Nassau,2016-02-02 10:00:00.000000,2016-02-04 10:00:00.000000
2183,122533,Nassau,2016-02-03 10:00:00.000000,
2184,88624,Suffolk,2015-06-29 10:00:00.000000,2016-01-29 10:00:00.000000
2187,122482,Richmond,2016-02-15 10:00:00.000000,
2188,122409,Suffolk,2016-02-02 10:00:00.000000,
2190,122648,Suffolk,2016-02-08 10:00:00.000000,
2197,122576,Nassau,2016-02-09 10:00:00.000000,
2199,122800,Nassau,2016-02-08 10:00:00.000000,2016-02-23 10:00:00.000000
2200,122777,Suffolk,2016-02-09 10:00:00.000000,2016-02-17 10:00:00.000000
2201,122528,Nassau,2016-02-12 10:00:00.000000,
2202,122795,Nassau,2016-02-08 10:00:00.000000,2016-02-19 10:00:00.000000
2206,111962,Suffolk,2016-02-10 10:00:00.000000,
2208,122859,Nassau,2016-02-08 10:00:00.000000,2016-02-23 10:00:00.000000
2210,122682,Nassau,2016-02-09 10:00:00.000000,
2217,122848,Nassau,2016-02-10 10:00:00.000000,
2218,122064,Suffolk,2016-02-17 10:00:00.000000,
2220,122289,Nassau,2016-02-10 10:00:00.000000,
2221,122870,Suffolk,2016-02-16 10:00:00.000000,
2222,122885,Suffolk,2016-02-25 10:00:00.000000,
2223,122886,Suffolk,2016-02-24 10:00:00.000000,
2224,122863,Nassau,2016-02-19 10:00:00.000000,
2225,122872,Suffolk,2016-02-16 10:00:00.000000,2016-02-23 10:00:00.000000
2226,122900,Nassau,2016-02-12 10:00:00.000000,
2228,72494,Suffolk,2016-02-16 10:00:00.000000,
2229,122899,Nassau,2016-02-18 10:00:00.000000,
2234,122932,Nassau,2016-02-16 10:00:00.000000,
2235,122938,Suffolk,2016-02-19 10:00:00.000000,
2237,122884,Suffolk,2016-02-17 10:00:00.000000,
2238,122966,Nassau,2016-02-16 10:00:00.000000,
2245,122867,Nassau,2016-02-17 10:00:00.000000,
2249,122965,Suffolk,2016-02-19 10:00:00.000000,2016-02-26 10:00:00.000000
2251,122975,Suffolk,2016-02-26 10:00:00.000000,
2256,122994,Nassau,2016-02-26 10:00:00.000000,
2257,122957,Suffolk,2016-02-25 10:00:00.000000,
2258,123083,Nassau,2016-02-22 10:00:00.000000,
2267,123001,Suffolk,2016-02-23 10:00:00.000000,
2268,122944,Suffolk,2016-03-01 10:00:00.000000,
2269,123009,Nassau,2016-02-25 10:00:00.000000,
2272,123064,Nassau,2016-02-26 10:00:00.000000,
2274,122895,Suffolk,2016-02-25 10:00:00.000000,
2281,123113,Nassau,2016-02-25 10:00:00.000000,
2282,123096,Nassau,2016-02-26 10:00:00.000000,
2287,123095,Nassau,2016-02-26 10:00:00.000000,
2288,123114,Suffolk,2016-02-29 10:00:00.000000,
2292,123124,Suffolk,2016-02-29 10:00:00.000000,
2317,123143,Suffolk,2016-02-29 10:00:00.000000,
